bam_accession	fragment_length	bam_accession_control	fragment_length_control	target	biosample	experiment_accession
ENCFF366DPB	130	ENCFF227BBG	95	H3K4me3-human	choroidplexusepithelialcell	ENCSR000DTN
ENCFF897OQJ	125	ENCFF227BBG	95	H3K4me3-human	choroidplexusepithelialcell	ENCSR000DTN
ENCFF336RRY	160	ENCFF629FKE	100	H3K4me3-human	fibroblastofvillousmesenchyme	ENCSR000DVS
ENCFF398APA	135	ENCFF629FKE	100	H3K4me3-human	fibroblastofvillousmesenchyme	ENCSR000DVS
ENCFF331HUQ	170	ENCFF239KPF	150	H3K4me3-human	effectormemoryCD4positivealphabetaTcell	ENCSR291KBJ
ENCFF072FDU	120	ENCFF033ZAD	85	H3K4me3-human	mesendodermoriginatedfromH1	ENCSR441SAT
ENCFF948LKM	120	ENCFF033ZAD	85	H3K4me3-human	mesendodermoriginatedfromH1	ENCSR441SAT
ENCFF346MPS	140	ENCFF969DRM	150	H3K4me3-human	spleenmaleadult34years	ENCSR432KIH
ENCFF930WOV	190	ENCFF237BVB	135	H3K4me3-human	adrenalglandmaleadult34years	ENCSR234YIU
ENCFF640ERF	205	ENCFF190OUS	185	H3K4me3-human	lowerlegskinmaleadult37years	ENCSR432GOP
ENCFF108FKO	185	ENCFF190OUS	185	H3K4me3-human	lowerlegskinmaleadult37years	ENCSR432GOP
ENCFF223IFL	175	ENCFF043XTH	110	H3K4me3-human	H7	ENCSR000DSR
ENCFF037BRA	135	ENCFF043XTH	110	H3K4me3-human	H7	ENCSR000DSR
ENCFF382WAP	130	ENCFF085CHA	90	H3K4me3-human	AG10803	ENCSR000DPX
ENCFF022XXD	120	ENCFF085CHA	90	H3K4me3-human	AG10803	ENCSR000DPX
ENCFF321ENM	235	ENCFF343ILJ	205	H3K4me3-human	naivethymusderivedCD4positivealphabetaTcell	ENCSR098ALO
ENCFF919GMN	190	ENCFF977CRV	100	H3K4me3-human	commonmyeloidprogenitorCD34positivefemaleadult33years	ENCSR136QKZ
ENCFF061XGV	115	ENCFF698OXG	95	H3K4me3-human	iPSDF1911	ENCSR888WZL
ENCFF960NXR	125	ENCFF698OXG	95	H3K4me3-human	iPSDF1911	ENCSR888WZL
ENCFF235ZMV	230	ENCFF165EHS	210	H3K4me3-human	CD4positivealphabetaTcelltreatedwithphorbol13acetate12myristateionomycin	ENCSR714KWW
ENCFF630XTQ	170	ENCFF904DBV	135	H3K4me3-human	stomachfemaleembryo98days	ENCSR202RXT
ENCFF543BFW	185	ENCFF962WPS	70	H3K4me3-human	adrenalglandmaleembryo97days	ENCSR715KGX
ENCFF676LZF	205	ENCFF623WHF	175	H3K4me3-human	Thelper17celltreatedwithphorbol13acetate12myristateionomycin	ENCSR957XEV
ENCFF426UGV	155	ENCFF887ZEB	60	H3K4me3-human	HepG2	ENCSR000DUF
ENCFF223DKE	155	ENCFF887ZEB	60	H3K4me3-human	HepG2	ENCSR000DUF
ENCFF099BAH	160	ENCFF502KIX	130	H3K4me3-human	iPS11a	ENCSR941YPY
ENCFF375NUY	170	ENCFF293DEQ	100	H3K4me3-human	NT2D1	ENCSR000EXD
ENCFF819CWE	140	ENCFF293DEQ	100	H3K4me3-human	NT2D1	ENCSR000EXD
ENCFF752PKC	190	ENCFF729OAL	135	H3K4me3-human	commonmyeloidprogenitorCD34positivemaleadult36years	ENCSR438DSO
ENCFF967BVH	180	ENCFF259WHE	105	H3K4me3-human	livermaleadult32years	ENCSR795VEN
ENCFF775EZU	200	ENCFF742MJT	165	H3K4me3-human	adipocyteoriginatedfrommesenchymalstemcell	ENCSR367VRA
ENCFF859YTJ	220	ENCFF876PYV	200	H3K4me3-human	Karpas422	ENCSR910XKX
ENCFF104EPZ	225	ENCFF876PYV	200	H3K4me3-human	Karpas422	ENCSR910XKX
ENCFF218HFN	130	ENCFF565KJC	60	H3K4me3-human	commonmyeloidprogenitorCD34positivemaleadult42years	ENCSR192GUR
ENCFF387PPJ	230	ENCFF589TFO	195	H3K4me3-human	heartmaleembryo91days	ENCSR358RVW
ENCFF053WVU	145	ENCFF564LSD	125	H3K4me3-human	commonmyeloidprogenitorCD34positive	ENCSR045QJH
ENCFF218BJW	185	ENCFF564LSD	125	H3K4me3-human	commonmyeloidprogenitorCD34positive	ENCSR045QJH
ENCFF308ROU	155	ENCFF504HBF	65	H3K4me3-human	cardiacmusclecelloriginatedfromH7treatedwith5ngmLFibroblastgrowthfactor2for14days10ngmLBonemorphogeneticprotein4for14days6ngmLActivinAfor14days	ENCSR000DSP
ENCFF292XQZ	140	ENCFF504HBF	65	H3K4me3-human	cardiacmusclecelloriginatedfromH7treatedwith5ngmLFibroblastgrowthfactor2for14days10ngmLBonemorphogeneticprotein4for14days6ngmLActivinAfor14days	ENCSR000DSP
ENCFF015LGW	175	ENCFF552ORJ	120	H3K4me3-human	skeletalmusclecell	ENCSR000DXT
ENCFF466QFU	180	ENCFF552ORJ	120	H3K4me3-human	skeletalmusclecell	ENCSR000DXT
ENCFF369EYB	105	ENCFF436GDS	100	H3K4me3-human	fibroblastoftheaorticadventitiafemale	ENCSR000DQA
ENCFF875SDR	115	ENCFF436GDS	100	H3K4me3-human	fibroblastoftheaorticadventitiafemale	ENCSR000DQA
ENCFF624IVV	130	ENCFF859GMA	150	H3K4me3-human	lungfemaleadult30years	ENCSR466DZW
ENCFF539LLG	50	ENCFF353DFP	95	H3K4me3-human	iPSDF69	ENCSR263ELQ
ENCFF144KXT	140	ENCFF353DFP	95	H3K4me3-human	iPSDF69	ENCSR263ELQ
ENCFF972TLV	175	ENCFF879WYG	60	H3K4me3-human	spinalcordfemaleembryo113days	ENCSR036HAT
ENCFF964OAW	205	ENCFF395YMW	170	H3K4me3-human	HUES64	ENCSR894OYM
ENCFF952CTT	165	ENCFF395YMW	170	H3K4me3-human	HUES64	ENCSR894OYM
ENCFF176CXM	175	ENCFF861FUK	130	H3K4me3-human	aortamaleadult34years	ENCSR957BPJ
ENCFF943BCG	135	ENCFF341BPJ	120	H3K4me3-human	neuralstemprogenitorcelloriginatedfromH1	ENCSR956CTX
ENCFF102CQQ	130	ENCFF341BPJ	120	H3K4me3-human	neuralstemprogenitorcelloriginatedfromH1	ENCSR956CTX
ENCFF681ZZF	145	ENCFF883FFC	60	H3K4me3-human	HeLaS3G1bphase	ENCSR000DUA
ENCFF084LPN	145	ENCFF883FFC	60	H3K4me3-human	HeLaS3G1bphase	ENCSR000DUA
ENCFF962FVV	195	ENCFF170NIZ	110	H3K4me3-human	CD4positivealphabetaTcellmaleadult21years	ENCSR852FRR
ENCFF775VRN	160	ENCFF255XVF	55	H3K4me3-human	epithelialcellofesophagus	ENCSR000DTT
ENCFF552QGG	145	ENCFF255XVF	55	H3K4me3-human	epithelialcellofesophagus	ENCSR000DTT
ENCFF270NKU	185	ENCFF372EWL	155	H3K4me3-human	HUES48	ENCSR153SGD
ENCFF443UEL	170	ENCFF372EWL	155	H3K4me3-human	HUES48	ENCSR153SGD
ENCFF314ENC	135	ENCFF419THA	90	H3K4me3-human	retinalpigmentepithelialcell	ENCSR000DVK
ENCFF305AHC	150	ENCFF419THA	90	H3K4me3-human	retinalpigmentepithelialcell	ENCSR000DVK
ENCFF332MLZ	180	ENCFF409SLI	165	H3K4me3-human	largeintestinemaleembryo108days	ENCSR413QXO
ENCFF471EKC	195	ENCFF301ZNZ	140	H3K4me3-human	rightcardiacatriummaleadult34years	ENCSR548LZS
ENCFF288KZW	190	ENCFF601DLY	185	H3K4me3-human	naturalkillercellmaleadult37years	ENCSR570AUC
ENCFF534YTL	195	ENCFF522CTK	285	H3K4me3-human	mononuclearcellmale	ENCSR000EXT
ENCFF956IGG	230	ENCFF522CTK	285	H3K4me3-human	mononuclearcellmale	ENCSR000EXT
ENCFF699RDR	185	ENCFF390WET	75	H3K4me3-human	Bcellfemaleadult27years	ENCSR000DQR
ENCFF112EJH	205	ENCFF072XSV	135	H3K4me3-human	placentafemaleembryo113days	ENCSR419BDT
ENCFF494MAL	195	ENCFF078ACZ	125	H3K4me3-human	adrenalglandfemaleadult30years	ENCSR425NQT
ENCFF098CRS	175	ENCFF782BSN	130	H3K4me3-human	commonmyeloidprogenitorCD34positivefemaleadult27years	ENCSR681HMF
ENCFF270WBW	140	ENCFF782BSN	130	H3K4me3-human	commonmyeloidprogenitorCD34positivefemaleadult27years	ENCSR681HMF
ENCFF256OPK	125	ENCFF562SIS	150	H3K4me3-human	lungfemaleembryo120days	ENCSR936FAH
ENCFF443ASZ	200	ENCFF937DTA	145	H3K4me3-human	Tcellmaleadult37years	ENCSR395YXN
ENCFF995CUR	130	ENCFF163IHR	55	H3K4me3-human	mammaryepithelialcellfemale	ENCSR000DUQ
ENCFF029KZM	130	ENCFF163IHR	55	H3K4me3-human	mammaryepithelialcellfemale	ENCSR000DUQ
ENCFF585DLK	150	ENCFF611WYN	145	H3K4me3-human	esophagusmaleadult34years	ENCSR577ILY
ENCFF114IFP	150	ENCFF623DTG	125	H3K4me3-human	heartleftventriclemaleadult34years	ENCSR487BEW
ENCFF993LIK	205	ENCFF945TJC	170	H3K4me3-human	CD14positivemonocytemaleadult37years	ENCSR796FCS
ENCFF056MDM	150	ENCFF912RCK	130	H3K4me3-human	pancreasmaleadult34years	ENCSR747VED
ENCFF907SLS	190	ENCFF623LBS	140	H3K4me3-human	pancreasfemaleadult30years	ENCSR315LPR
ENCFF497YFH	215	ENCFF129BSE	200	H3K4me3-human	neutrophilmale	ENCSR434AFF
ENCFF548RND	230	ENCFF992DZR	210	H3K4me3-human	bodyofpancreasfemaleadult51years	ENCSR588PZN
ENCFF747ZHW	130	ENCFF331JTO	65	H3K4me3-human	cardiacmyoblastoriginatedfromH7treatedwith10ngmLBonemorphogeneticprotein4for9days5ngmLFibroblastgrowthfactor2for9days6ngmLActivinAfor9days	ENCSR000DSD
ENCFF968FOC	125	ENCFF331JTO	65	H3K4me3-human	cardiacmyoblastoriginatedfromH7treatedwith10ngmLBonemorphogeneticprotein4for9days5ngmLFibroblastgrowthfactor2for9days6ngmLActivinAfor9days	ENCSR000DSD
ENCFF728FRM	150	ENCFF531LXG	120	H3K4me3-human	DND41	ENCSR000ARA
ENCFF309TQC	170	ENCFF531LXG	120	H3K4me3-human	DND41	ENCSR000ARA
ENCFF523BIQ	210	ENCFF805AGC	125	H3K4me3-human	LNCaPcloneFGC	ENCSR000DWF
ENCFF764ZMJ	205	ENCFF805AGC	125	H3K4me3-human	LNCaPcloneFGC	ENCSR000DWF
ENCFF494CGD	195	ENCFF887QKP	185	H3K4me3-human	GM08714	ENCSR000FCL
ENCFF252PQW	180	ENCFF887QKP	185	H3K4me3-human	GM08714	ENCSR000FCL
ENCFF600ZXT	120	ENCFF198VJS	65	H3K4me3-human	cardiovascularprogenitorcelloriginatedfromH7treatedwith5ngmLFibroblastgrowthfactor2for5days10ngmLBonemorphogeneticprotein4for5days6ngmLActivinAfor5days	ENCSR000DSO
ENCFF921EQP	165	ENCFF198VJS	65	H3K4me3-human	cardiovascularprogenitorcelloriginatedfromH7treatedwith5ngmLFibroblastgrowthfactor2for5days10ngmLBonemorphogeneticprotein4for5days6ngmLActivinAfor5days	ENCSR000DSO
ENCFF501ZHJ	135	ENCFF530HCQ	95	H3K4me3-human	IMR90	ENCSR087PFU
ENCFF175EZW	145	ENCFF530HCQ	95	H3K4me3-human	IMR90	ENCSR087PFU
ENCFF917ZBE	190	ENCFF718BTS	130	H3K4me3-human	sigmoidcolonmaleadult34years	ENCSR421HUB
ENCFF938HRT	190	ENCFF450SEM	195	H3K4me3-human	muscleoftrunkfemaleembryo115days	ENCSR714SGY
ENCFF423VLB	230	ENCFF935OQU	540	H3K4me3-human	coronaryarteryfemaleadult53years	ENCSR343ZOV
ENCFF945AJW	190	ENCFF935OQU	540	H3K4me3-human	coronaryarteryfemaleadult53years	ENCSR343ZOV
ENCFF910VQV	160	ENCFF162UZZ	150	H3K4me3-human	commonmyeloidprogenitorCD34positivemaleadult	ENCSR163ALM
ENCFF035OFJ	190	ENCFF180QGB	155	H3K4me3-human	smallintestinefemaleadult30years	ENCSR944QSH
ENCFF648GMW	180	ENCFF402XEC	125	H3K4me3-human	HUES6	ENCSR176ABZ
ENCFF678AKA	170	ENCFF402XEC	125	H3K4me3-human	HUES6	ENCSR176ABZ
ENCFF340SIN	215	ENCFF231TXH	195	H3K4me3-human	midneurogenesisradialglialcellsgeneticallymodifiedusingstabletransfectionoriginatedfromH9	ENCSR922CAT
ENCFF742SZD	195	ENCFF231TXH	195	H3K4me3-human	midneurogenesisradialglialcellsgeneticallymodifiedusingstabletransfectionoriginatedfromH9	ENCSR922CAT
ENCFF817YZO	185	ENCFF381OZQ	105	H3K4me3-human	aortafemaleadult30years	ENCSR960EVO
ENCFF070DOR	160	ENCFF034DXU	125	H3K4me3-human	smallintestinemaleadult34years	ENCSR792IJA
ENCFF490QCW	150	ENCFF782IJY	95	H3K4me3-human	neuralstemprogenitorcelloriginatedfromH9	ENCSR354XWM
ENCFF396QPN	120	ENCFF782IJY	95	H3K4me3-human	neuralstemprogenitorcelloriginatedfromH9	ENCSR354XWM
ENCFF401TDE	205	ENCFF069XVM	130	H3K4me3-human	astrocyteofthecerebellum	ENCSR000DSY
ENCFF779IVE	180	ENCFF069XVM	130	H3K4me3-human	astrocyteofthecerebellum	ENCSR000DSY
ENCFF552OGD	170	ENCFF622XBJ	100	H3K4me3-human	muscleoflegfemaleembryo110days	ENCSR128QKM
ENCFF955AMI	145	ENCFF873PSH	85	H3K4me3-human	K562	ENCSR000DWD
ENCFF185YRK	145	ENCFF873PSH	85	H3K4me3-human	K562	ENCSR000DWD
ENCFF254XYR	225	ENCFF663JWI	205	H3K4me3-human	upperlobeofleftlungmaleadult37years	ENCSR074WIB
ENCFF366KTQ	230	ENCFF132NWA	90	H3K4me3-human	sigmoidcolonfemaleadult51years	ENCSR793IKH
ENCFF155AZU	195	ENCFF681UKF	215	H3K4me3-human	fibroblastoflungfemalechild11yearsandmaleadult45years	ENCSR000AMW
ENCFF873BGL	165	ENCFF681UKF	215	H3K4me3-human	fibroblastoflungfemalechild11yearsandmaleadult45years	ENCSR000AMW
ENCFF510OFX	200	ENCFF010MTI	460	H3K4me3-human	ovaryfemaleadult53years	ENCSR828CCQ
ENCFF239MFE	185	ENCFF791PRR	110	H3K4me3-human	ovaryfemaleadult30years	ENCSR139TLA
ENCFF352XPY	225	ENCFF711NHN	170	H3K4me3-human	Loucy	ENCSR657RRI
ENCFF519BDM	200	ENCFF711NHN	170	H3K4me3-human	Loucy	ENCSR657RRI
ENCFF681JNH	245	ENCFF516TWC	175	H3K4me3-human	CD4positivealphabetaTcell	ENCSR263WLD
ENCFF519TFC	200	ENCFF579ITQ	235	H3K4me3-human	adrenalglandmaleadult37years	ENCSR620TXL
ENCFF529CNH	160	ENCFF682GMA	140	H3K4me3-human	bronchialepithelialcell	ENCSR000DXJ
ENCFF727PFZ	160	ENCFF682GMA	140	H3K4me3-human	bronchialepithelialcell	ENCSR000DXJ
ENCFF638AYA	210	ENCFF617REL	195	H3K4me3-human	KMS11	ENCSR539TKY
ENCFF077LQW	285	ENCFF617REL	195	H3K4me3-human	KMS11	ENCSR539TKY
ENCFF153HAO	145	ENCFF700CVK	65	H3K4me3-human	foreskinfibroblastmalenewborn	ENCSR000DWS
ENCFF224YBG	145	ENCFF700CVK	65	H3K4me3-human	foreskinfibroblastmalenewborn	ENCSR000DWS
ENCFF379XPQ	230	ENCFF054TED	90	H3K4me3-human	testismaleadult54years	ENCSR619EZG
ENCFF711ITR	210	ENCFF335PIY	115	H3K4me3-human	Peyerspatchfemaleadult51years	ENCSR684EPX
ENCFF894DUH	190	ENCFF027UBL	195	H3K4me3-human	esophagusfemaleadult30years	ENCSR697GPO
ENCFF327XDQ	125	ENCFF312FHK	105	H3K4me3-human	NB4	ENCSR000DWP
ENCFF287MNP	240	ENCFF944NDZ	515	H3K4me3-human	neutrophil	ENCSR393SYU
ENCFF751TFP	210	ENCFF944NDZ	515	H3K4me3-human	neutrophil	ENCSR393SYU
ENCFF478WQF	220	ENCFF246VDV	900	H3K4me3-human	sigmoidcolonmaleadult37years	ENCSR960AAL
ENCFF393WAI	260	ENCFF075YNC	155	H3K4me3-human	CD14positivemonocytefemale	ENCSR000ASN
ENCFF521ESS	225	ENCFF075YNC	155	H3K4me3-human	CD14positivemonocytefemale	ENCSR000ASN
ENCFF071ETA	110	ENCFF089AIV	90	H3K4me3-human	mesenchymalstemcelloriginatedfromH1	ENCSR501JET
ENCFF707CSG	105	ENCFF089AIV	90	H3K4me3-human	mesenchymalstemcelloriginatedfromH1	ENCSR501JET
ENCFF526EUO	220	ENCFF956VTO	100	H3K4me3-human	gastroesophagealsphincterfemaleadult53years	ENCSR510NXV
ENCFF113CGU	200	ENCFF956VTO	100	H3K4me3-human	gastroesophagealsphincterfemaleadult53years	ENCSR510NXV
ENCFF246DQY	210	ENCFF299AOC	505	H3K4me3-human	ascendingaortafemaleadult53years	ENCSR122LOZ
ENCFF758BOS	230	ENCFF838GQE	200	H3K4me3-human	transversecolonfemaleadult51years	ENCSR315EZG
ENCFF088UUW	205	ENCFF838GQE	200	H3K4me3-human	transversecolonfemaleadult51years	ENCSR315EZG
ENCFF190FBI	230	ENCFF535IMT	240	H3K4me3-human	sigmoidcolonmaleadult54years	ENCSR172LVU
ENCFF411ARS	225	ENCFF872XJB	1345	H3K4me3-human	prostateglandmaleadult37years	ENCSR153NDQ
ENCFF966TKF	245	ENCFF872XJB	1345	H3K4me3-human	prostateglandmaleadult37years	ENCSR153NDQ
ENCFF915VMO	225	ENCFF410WPD	505	H3K4me3-human	rightatriumauricularregionfemaleadult51years	ENCSR954TSY
ENCFF959DFB	230	ENCFF410WPD	505	H3K4me3-human	rightatriumauricularregionfemaleadult51years	ENCSR954TSY
ENCFF438WCN	230	ENCFF089MIN	405	H3K4me3-human	esophagusmuscularismucosamaleadult37years	ENCSR621MTP
ENCFF404PVY	185	ENCFF408COK	140	H3K4me3-human	myotubeoriginatedfromskeletalmusclemyoblast	ENCSR000ANZ
ENCFF229ESP	190	ENCFF408COK	140	H3K4me3-human	myotubeoriginatedfromskeletalmusclemyoblast	ENCSR000ANZ
ENCFF035JCC	220	ENCFF355KUJ	155	H3K4me3-human	HFFMycoriginatedfromforeskinfibroblast	ENCSR000DUK
ENCFF491IGN	225	ENCFF355KUJ	155	H3K4me3-human	HFFMycoriginatedfromforeskinfibroblast	ENCSR000DUK
ENCFF696AAG	140	ENCFF525BCB	75	H3K4me3-human	AG09309	ENCSR000DPR
ENCFF377CAH	160	ENCFF525BCB	75	H3K4me3-human	AG09309	ENCSR000DPR
ENCFF910ICH	185	ENCFF251KKG	1305	H3K4me3-human	sigmoidcolonfemaleadult53years	ENCSR900UIP
ENCFF333BJX	200	ENCFF110BDU	455	H3K4me3-human	Peyerspatchfemaleadult53years	ENCSR878KIY
ENCFF191JYD	190	ENCFF110BDU	455	H3K4me3-human	Peyerspatchfemaleadult53years	ENCSR878KIY
ENCFF704UCQ	150	ENCFF852VGX	190	H3K4me3-human	kidneyfemaleembryo120days	ENCSR096EZX
ENCFF842FEQ	180	ENCFF207FGO	125	H3K4me3-human	Bcellfemaleadult43years	ENCSR000DQP
ENCFF642FEV	175	ENCFF207FGO	125	H3K4me3-human	Bcellfemaleadult43years	ENCSR000DQP
ENCFF470ZIH	195	ENCFF534JYG	50	H3K4me3-human	CD8positivealphabetaTcellmaleadult21years	ENCSR796CSH
ENCFF161EGP	165	ENCFF435UQW	160	H3K4me3-human	H9	ENCSR043VGU
ENCFF806SSI	120	ENCFF435UQW	160	H3K4me3-human	H9	ENCSR043VGU
ENCFF385LTM	210	ENCFF298NLV	125	H3K4me3-human	skeletalmusclemyoblastmaleadult22years	ENCSR000ANK
ENCFF995UPF	165	ENCFF298NLV	125	H3K4me3-human	skeletalmusclemyoblastmaleadult22years	ENCSR000ANK
ENCFF393LTO	130	ENCFF880XKJ	85	H3K4me3-human	cardiacfibroblastfemaleadult	ENCSR000DTH
ENCFF044SAF	215	ENCFF808COP	210	H3K4me3-human	stomachmaleadult54years	ENCSR063HOI
ENCFF924SMA	200	ENCFF736RVR	540	H3K4me3-human	gastrocnemiusmedialisfemaleadult53years	ENCSR785DJD
ENCFF332TQJ	225	ENCFF636AYA	105	H3K4me3-human	breastepitheliumfemaleadult53years	ENCSR416AUW
ENCFF246OTC	190	ENCFF636AYA	105	H3K4me3-human	breastepitheliumfemaleadult53years	ENCSR416AUW
ENCFF754NVQ	195	ENCFF993LSH	150	H3K4me3-human	heartrightventriclemaleadult34years	ENCSR791GCO
ENCFF928KDH	200	ENCFF694ANH	95	H3K4me3-human	WI38geneticallymodifiedusingstabletransfectiontreatedwith20nMafimoxifenefor72hours	ENCSR000DXY
ENCFF645IBT	210	ENCFF694ANH	95	H3K4me3-human	WI38geneticallymodifiedusingstabletransfectiontreatedwith20nMafimoxifenefor72hours	ENCSR000DXY
ENCFF509PFO	215	ENCFF615RXB	230	H3K4me3-human	neuralprogenitorcelloriginatedfromH9	ENCSR661MUS
ENCFF224OZC	215	ENCFF615RXB	230	H3K4me3-human	neuralprogenitorcelloriginatedfromH9	ENCSR661MUS
ENCFF205USG	195	ENCFF259EKT	215	H3K4me3-human	spleenmalechild3years	ENCSR448FZC
ENCFF434WOE	200	ENCFF989JQG	155	H3K4me3-human	SKNMC	ENCSR287VPM
ENCFF225SQI	220	ENCFF989JQG	155	H3K4me3-human	SKNMC	ENCSR287VPM
ENCFF412NVD	195	ENCFF962BWT	115	H3K4me3-human	keratinocytefemale	ENCSR000DWV
ENCFF185JFT	200	ENCFF962BWT	115	H3K4me3-human	keratinocytefemale	ENCSR000DWV
ENCFF883LFE	135	ENCFF032JTZ	100	H3K4me3-human	neuronoriginatedfromH9	ENCSR314WYC
ENCFF154EDY	145	ENCFF032JTZ	100	H3K4me3-human	neuronoriginatedfromH9	ENCSR314WYC
ENCFF841YDH	200	ENCFF413FRL	495	H3K4me3-human	vaginafemaleadult53years	ENCSR258UUX
ENCFF183YAH	250	ENCFF413FRL	495	H3K4me3-human	vaginafemaleadult53years	ENCSR258UUX
ENCFF962DUO	205	ENCFF480TEY	240	H3K4me3-human	breastepitheliumfemaleadult51years	ENCSR568QQU
ENCFF758JTP	240	ENCFF904ZLD	1375	H3K4me3-human	spleenmaleadult54years	ENCSR377ILM
ENCFF326CSQ	240	ENCFF904ZLD	1375	H3K4me3-human	spleenmaleadult54years	ENCSR377ILM
ENCFF585ZNY	215	ENCFF838RMJ	110	H3K4me3-human	DOHH2	ENCSR052WRV
ENCFF318WYE	215	ENCFF838RMJ	110	H3K4me3-human	DOHH2	ENCSR052WRV
ENCFF135UOQ	145	ENCFF115YWW	65	H3K4me3-human	kidneyepithelialcell	ENCSR000DVG
ENCFF232GAH	150	ENCFF115YWW	65	H3K4me3-human	kidneyepithelialcell	ENCSR000DVG
ENCFF215MSA	185	ENCFF616JVU	105	H3K4me3-human	psoasmusclemalechild3years	ENCSR245BEV
ENCFF492OAK	230	ENCFF486RNM	175	H3K4me3-human	CD4positiveCD25positivealphabetaregulatoryTcell	ENCSR579DZQ
ENCFF176DNE	105	ENCFF818YVY	235	H3K4me3-human	brainmaleembryo122days	ENCSR143MZL
ENCFF299YNE	155	ENCFF040CVQ	60	H3K4me3-human	HCT116	ENCSR000DTQ
ENCFF945ZLK	145	ENCFF040CVQ	60	H3K4me3-human	HCT116	ENCSR000DTQ
ENCFF153YLS	180	ENCFF715NGU	160	H3K4me3-human	keratinocytefemale	ENCSR970FPM
ENCFF197YXQ	205	ENCFF715NGU	160	H3K4me3-human	keratinocytefemale	ENCSR970FPM
ENCFF638UNA	110	ENCFF593HLS	50	H3K4me3-human	trophoblastcelloriginatedfromH1	ENCSR874WOB
ENCFF961MFR	115	ENCFF593HLS	50	H3K4me3-human	trophoblastcelloriginatedfromH1	ENCSR874WOB
ENCFF216KYG	215	ENCFF644ZVV	245	H3K4me3-human	bodyofpancreasmaleadult37years	ENCSR876DCP
ENCFF690MQF	240	ENCFF644ZVV	245	H3K4me3-human	bodyofpancreasmaleadult37years	ENCSR876DCP
ENCFF165YIJ	240	ENCFF329YPE	115	H3K4me3-human	transversecolonmaleadult54years	ENCSR557OWY
ENCFF730CVD	140	ENCFF292GHV	95	H3K4me3-human	keratinocytefemale	ENCSR000ALO
ENCFF003UPA	190	ENCFF292GHV	95	H3K4me3-human	keratinocytefemale	ENCSR000ALO
ENCFF414VCA	190	ENCFF292GHV	95	H3K4me3-human	keratinocytefemale	ENCSR000ALO
ENCFF019VEK	165	ENCFF434HLD	105	H3K4me3-human	GM12878	ENCSR000AKA
ENCFF278QPY	185	ENCFF434HLD	105	H3K4me3-human	GM12878	ENCSR000AKA
ENCFF937ZPT	235	ENCFF542OVE	225	H3K4me3-human	endodermalcelloriginatedfromHUES64	ENCSR446ZCY
ENCFF347EDU	235	ENCFF542OVE	225	H3K4me3-human	endodermalcelloriginatedfromHUES64	ENCSR446ZCY
ENCFF757JEE	225	ENCFF028IGG	95	H3K4me3-human	upperlobeofleftlungmaleadult54years	ENCSR701FGA
ENCFF766QNY	230	ENCFF432JPE	155	H3K4me3-human	HeLaS3	ENCSR340WQU
ENCFF724BIL	205	ENCFF432JPE	155	H3K4me3-human	HeLaS3	ENCSR340WQU
ENCFF764OBU	185	ENCFF262HFO	185	H3K4me3-human	CD14positivemonocytefemale	ENCSR000DWL
ENCFF897OOT	180	ENCFF246SXV	120	H3K4me3-human	heartrightventriclemalechild3years	ENCSR107RDP
ENCFF720MPQ	205	ENCFF584IFA	55	H3K4me3-human	iPS18c	ENCSR792NZO
ENCFF058KJU	120	ENCFF584IFA	55	H3K4me3-human	iPS18c	ENCSR792NZO
ENCFF627OMT	140	ENCFF449CRS	390	H3K4me3-human	SKNSH	ENCSR000FCS
ENCFF563HHK	190	ENCFF449CRS	390	H3K4me3-human	SKNSH	ENCSR000FCS
ENCFF730FGK	200	ENCFF645CCA	280	H3K4me3-human	HepG2	ENCSR000AMP
ENCFF959HGH	165	ENCFF645CCA	280	H3K4me3-human	HepG2	ENCSR000AMP
ENCFF753BVJ	180	ENCFF968JGA	95	H3K4me3-human	lungmalechild3years	ENCSR500GXT
ENCFF959CCK	185	ENCFF127SFN	135	H3K4me3-human	psoasmusclemaleadult34years	ENCSR949OYZ
ENCFF912XEA	135	ENCFF320ZWB	80	H3K4me3-human	MCF7	ENCSR000DWJ
ENCFF834UUT	125	ENCFF320ZWB	80	H3K4me3-human	MCF7	ENCSR000DWJ
ENCFF790LIJ	145	ENCFF862DPC	90	H3K4me3-human	JurkatcloneE61	ENCSR000DVU
ENCFF576LCR	150	ENCFF862DPC	90	H3K4me3-human	JurkatcloneE61	ENCSR000DVU
ENCFF785TXR	225	ENCFF573DZT	255	H3K4me3-human	breastepitheliummaleadult37years	ENCSR224STY
ENCFF107TCL	190	ENCFF870RGK	135	H3K4me3-human	thymusmalechild3years	ENCSR738LBP
ENCFF944KRW	175	ENCFF813ZYQ	130	H3K4me3-human	mammaryepithelialcellfemaleadult50years	ENCSR016JWS
ENCFF511SZH	210	ENCFF813ZYQ	130	H3K4me3-human	mammaryepithelialcellfemaleadult50years	ENCSR016JWS
ENCFF556EHG	185	ENCFF910JMV	65	H3K4me3-human	H9geneticallymodifiedusingstabletransfection	ENCSR716ZJH
ENCFF678EYS	210	ENCFF910JMV	65	H3K4me3-human	H9geneticallymodifiedusingstabletransfection	ENCSR716ZJH
ENCFF127RRB	130	ENCFF632ZLA	105	H3K4me3-human	brainmicrovascularendothelialcell	ENCSR000DTC
ENCFF430CRC	130	ENCFF632ZLA	105	H3K4me3-human	brainmicrovascularendothelialcell	ENCSR000DTC
ENCFF785SOM	220	ENCFF901HZC	225	H3K4me3-human	thoracicaortamaleadult54years	ENCSR930HLX
ENCFF539TCI	235	ENCFF901HZC	225	H3K4me3-human	thoracicaortamaleadult54years	ENCSR930HLX
ENCFF534GZR	185	ENCFF801BOV	70	H3K4me3-human	GM12865	ENCSR000DRC
ENCFF057BMS	160	ENCFF801BOV	70	H3K4me3-human	GM12865	ENCSR000DRC
ENCFF991UKU	220	ENCFF492OBI	90	H3K4me3-human	uterusfemaleadult51years	ENCSR743GCE
ENCFF668QWW	225	ENCFF492OBI	90	H3K4me3-human	uterusfemaleadult51years	ENCSR743GCE
ENCFF932KMM	220	ENCFF302HIW	170	H3K4me3-human	gastrocnemiusmedialismaleadult54years	ENCSR972ETR
ENCFF925OTX	195	ENCFF302HIW	170	H3K4me3-human	gastrocnemiusmedialismaleadult54years	ENCSR972ETR
ENCFF633WWH	195	ENCFF829HZY	155	H3K4me3-human	K562	ENCSR000AKU
ENCFF777LZD	160	ENCFF829HZY	155	H3K4me3-human	K562	ENCSR000AKU
ENCFF470MHM	195	ENCFF497TEA	115	H3K4me3-human	WERIRb1	ENCSR000DXU
ENCFF405VAD	180	ENCFF497TEA	115	H3K4me3-human	WERIRb1	ENCSR000DXU
ENCFF023FMY	185	ENCFF342YSK	140	H3K4me3-human	foreskinfibroblastmalenewborn	ENCSR000DUJ
ENCFF671LNP	210	ENCFF400VJM	460	H3K4me3-human	tibialarterymaleadult54years	ENCSR342FPJ
ENCFF425DWG	245	ENCFF400VJM	460	H3K4me3-human	tibialarterymaleadult54years	ENCSR342FPJ
ENCFF908CRL	150	ENCFF186FRO	60	H3K4me3-human	GM06990	ENCSR000DQV
ENCFF048WTZ	135	ENCFF186FRO	60	H3K4me3-human	GM06990	ENCSR000DQV
ENCFF959PBV	215	ENCFF120GPO	205	H3K4me3-human	cardiacmusclecelloriginatedfromRUES2	ENCSR652QNW
ENCFF018WWY	195	ENCFF120GPO	205	H3K4me3-human	cardiacmusclecelloriginatedfromRUES2	ENCSR652QNW
ENCFF382SKJ	260	ENCFF634UHG	200	H3K4me3-human	gastrocnemiusmedialismaleadult37years	ENCSR206STN
ENCFF022MAK	225	ENCFF634UHG	200	H3K4me3-human	gastrocnemiusmedialismaleadult37years	ENCSR206STN
ENCFF355WJQ	155	ENCFF337ZUN	85	H3K4me3-human	HL60	ENCSR000DUO
ENCFF693QTE	160	ENCFF337ZUN	85	H3K4me3-human	HL60	ENCSR000DUO
ENCFF653FMK	175	ENCFF301JHG	185	H3K4me3-human	thoracicaortamaleadult37years	ENCSR984KWT
ENCFF108XIF	165	ENCFF676AXV	155	H3K4me3-human	heartleftventriclemalechild3years	ENCSR377KDN
ENCFF321TTK	215	ENCFF893ZJC	1150	H3K4me3-human	ascendingaortafemaleadult51years	ENCSR645FBM
ENCFF731UOQ	140	ENCFF801RTD	140	H3K4me3-human	mammaryepithelialcellfemaleadult50years	ENCSR000AML
ENCFF502ZEG	165	ENCFF801RTD	140	H3K4me3-human	mammaryepithelialcellfemaleadult50years	ENCSR000AML
ENCFF593DQB	250	ENCFF255WXC	1145	H3K4me3-human	esophagusmuscularismucosafemaleadult51years	ENCSR403PEI
ENCFF310USH	245	ENCFF255WXC	1145	H3K4me3-human	esophagusmuscularismucosafemaleadult51years	ENCSR403PEI
ENCFF073DDD	210	ENCFF474SYV	150	H3K4me3-human	OCILY1	ENCSR422JNY
ENCFF164HHV	220	ENCFF474SYV	150	H3K4me3-human	OCILY1	ENCSR422JNY
ENCFF257FKY	200	ENCFF540GSY	90	H3K4me3-human	BE2C	ENCSR000DQB
ENCFF944HIX	175	ENCFF540GSY	90	H3K4me3-human	BE2C	ENCSR000DQB
ENCFF221WZA	190	ENCFF665FWN	460	H3K4me3-human	transversecolonfemaleadult53years	ENCSR933BVL
ENCFF187NDE	615	ENCFF665FWN	460	H3K4me3-human	transversecolonfemaleadult53years	ENCSR933BVL
ENCFF463VYC	195	ENCFF197JML	180	H3K4me3-human	radialglialcellgeneticallymodifiedusingstabletransfectionoriginatedfromH9	ENCSR433PUR
ENCFF123VOV	195	ENCFF197JML	180	H3K4me3-human	radialglialcellgeneticallymodifiedusingstabletransfectionoriginatedfromH9	ENCSR433PUR
ENCFF522PEL	175	ENCFF639VKM	465	H3K4me3-human	heartleftventriclefemaleadult53years	ENCSR901SIL
ENCFF650CMQ	215	ENCFF780ZFP	190	H3K4me3-human	endothelialcellofumbilicalveinmalenewborn	ENCSR578QSO
ENCFF146JPX	215	ENCFF780ZFP	190	H3K4me3-human	endothelialcellofumbilicalveinmalenewborn	ENCSR578QSO
ENCFF828TRR	200	ENCFF482SGU	190	H3K4me3-human	A549treatedwith002ethanolfor1hour	ENCSR000ASH
ENCFF113KAL	225	ENCFF482SGU	190	H3K4me3-human	A549treatedwith002ethanolfor1hour	ENCSR000ASH
ENCFF243VRS	110	ENCFF353NNK	85	H3K4me3-human	AG04449	ENCSR000DPI
ENCFF913YPV	120	ENCFF353NNK	85	H3K4me3-human	AG04449	ENCSR000DPI
ENCFF705XZM	125	ENCFF073RIN	55	H3K4me3-human	AG09319	ENCSR000DPU
ENCFF186DFP	125	ENCFF073RIN	55	H3K4me3-human	AG09319	ENCSR000DPU
ENCFF619XJS	140	ENCFF638YZB	135	H3K4me3-human	fibroblastofdermisNONEandfemaleadult	ENCSR000APR
ENCFF242IST	145	ENCFF638YZB	135	H3K4me3-human	fibroblastofdermisNONEandfemaleadult	ENCSR000APR
ENCFF016CNU	160	ENCFF886XYV	115	H3K4me3-human	fibroblastofpulmonaryartery	ENCSR000DUZ
ENCFF452SUH	150	ENCFF886XYV	115	H3K4me3-human	fibroblastofpulmonaryartery	ENCSR000DUZ
ENCFF236SNL	220	ENCFF829HZY	155	H3K4me3-human	K562	ENCSR668LDD
ENCFF661UGK	220	ENCFF829HZY	155	H3K4me3-human	K562	ENCSR668LDD
ENCFF316LJR	265	ENCFF681UKF	215	H3K4me3-human	fibroblastoflungfemalechild11yearsandmaleadult45years	ENCSR915QOL
ENCFF358HBR	185	ENCFF681UKF	215	H3K4me3-human	fibroblastoflungfemalechild11yearsandmaleadult45years	ENCSR915QOL
ENCFF076BMA	235	ENCFF984QHD	200	H3K4me3-human	iPS18a	ENCSR505JQC
ENCFF200SBP	200	ENCFF219TDW	55	H3K4me3-human	GM12864	ENCSR000DQZ
ENCFF998EAB	135	ENCFF219TDW	55	H3K4me3-human	GM12864	ENCSR000DQZ
ENCFF962TLU	170	ENCFF639TYV	180	H3K4me3-human	astrocyte	ENCSR000AOU
ENCFF025QGZ	180	ENCFF639TYV	180	H3K4me3-human	astrocyte	ENCSR000AOU
ENCFF418BEY	180	ENCFF432JPE	155	H3K4me3-human	HeLaS3	ENCSR000AOF
ENCFF063XTI	225	ENCFF432JPE	155	H3K4me3-human	HeLaS3	ENCSR000AOF
ENCFF494PIW	205	ENCFF302IIT	210	H3K4me3-human	smoothmusclecelloriginatedfromH9	ENCSR515PKY
ENCFF421HYU	210	ENCFF302IIT	210	H3K4me3-human	smoothmusclecelloriginatedfromH9	ENCSR515PKY
ENCFF448RWC	150	ENCFF683AKU	105	H3K4me3-human	cardiacfibroblast	ENCSR000DTE
ENCFF564DWJ	145	ENCFF683AKU	105	H3K4me3-human	cardiacfibroblast	ENCSR000DTE
ENCFF894BQI	115	ENCFF757OWU	90	H3K4me3-human	cardiacmusclecell	ENCSR000DTK
ENCFF912DWW	120	ENCFF757OWU	90	H3K4me3-human	cardiacmusclecell	ENCSR000DTK
ENCFF331VFG	290	ENCFF078AVO	305	H3K4me3-human	spleenfemaleadult51years	ENCSR589DBF
ENCFF883AHB	220	ENCFF078AVO	305	H3K4me3-human	spleenfemaleadult51years	ENCSR589DBF
ENCFF834XWR	235	ENCFF981WUC	475	H3K4me3-human	upperlobeofleftlungfemaleadult51years	ENCSR429VWL
ENCFF188KCU	190	ENCFF823LEI	100	H3K4me3-human	rightlobeofliverfemaleadult53years	ENCSR344TLI
ENCFF842EPE	235	ENCFF823LEI	100	H3K4me3-human	rightlobeofliverfemaleadult53years	ENCSR344TLI
ENCFF600KMP	175	ENCFF737CAX	70	H3K4me3-human	Panc1	ENCSR000DXB
ENCFF024WPY	185	ENCFF737CAX	70	H3K4me3-human	Panc1	ENCSR000DXB
ENCFF893XXE	180	ENCFF882WXC	150	H3K4me3-human	hepatocyteoriginatedfromH9	ENCSR442ZOI
ENCFF641FAI	185	ENCFF882WXC	150	H3K4me3-human	hepatocyteoriginatedfromH9	ENCSR442ZOI
ENCFF435ZQE	170	ENCFF256TIW	195	H3K4me3-human	iPS20b	ENCSR989RAL
ENCFF522PZC	215	ENCFF256TIW	195	H3K4me3-human	iPS20b	ENCSR989RAL
ENCFF523VHB	150	ENCFF562SIS	150	H3K4me3-human	lungembryo101days	ENCSR413WJD
ENCFF080YIC	275	ENCFF419ELL	110	H3K4me3-human	stomachfemaleadult53years	ENCSR489ZLL
ENCFF188ZQP	230	ENCFF145GMT	445	H3K4me3-human	adrenalglandfemaleadult51years	ENCSR006TUH
ENCFF511OLW	190	ENCFF144FKQ	90	H3K4me3-human	esophagusmuscularismucosafemaleadult53years	ENCSR607ARN
ENCFF903YYP	210	ENCFF144FKQ	90	H3K4me3-human	esophagusmuscularismucosafemaleadult53years	ENCSR607ARN
ENCFF850PUL	235	ENCFF992ZBS	200	H3K4me3-human	GM23338originatedfromGM23248	ENCSR657DYL
ENCFF346EPG	190	ENCFF992ZBS	200	H3K4me3-human	GM23338originatedfromGM23248	ENCSR657DYL
ENCFF232HVT	250	ENCFF388CEW	90	H3K4me3-human	thyroidglandfemaleadult51years	ENCSR309UVT
ENCFF436EGK	220	ENCFF128CEV	210	H3K4me3-human	adrenalglandfemaleadult53years	ENCSR605QAV
ENCFF922FSL	235	ENCFF877WCX	245	H3K4me3-human	vaginafemaleadult51years	ENCSR647HAQ
ENCFF469JWS	225	ENCFF675VKU	190	H3K4me3-human	esophagussquamousepitheliumfemaleadult51years	ENCSR773PIU
ENCFF872QOJ	240	ENCFF984GNG	1390	H3K4me3-human	stomachmaleadult37years	ENCSR843UEZ
ENCFF404OEM	210	ENCFF305KDB	240	H3K4me3-human	esophagussquamousepitheliumfemaleadult53years	ENCSR508UPW
ENCFF222IOW	200	ENCFF305KDB	240	H3K4me3-human	esophagussquamousepitheliumfemaleadult53years	ENCSR508UPW
ENCFF219BET	160	ENCFF999JOG	120	H3K4me3-human	sigmoidcolonmalechild3years	ENCSR321SZE
ENCFF841TST	160	ENCFF265HDZ	90	H3K4me3-human	endothelialcellofumbilicalveinmalenewborn	ENCSR000DVN
ENCFF288CHB	160	ENCFF265HDZ	90	H3K4me3-human	endothelialcellofumbilicalveinmalenewborn	ENCSR000DVN
ENCFF571WJQ	230	ENCFF782HSW	530	H3K4me3-human	tibialnervefemaleadult51years	ENCSR677MOE
ENCFF787TMF	235	ENCFF801OTV	125	H3K4me3-human	esophagussquamousepitheliummaleadult37years	ENCSR731QXN
ENCFF571AXH	200	ENCFF234FUH	260	H3K4me3-human	H1	ENCSR000AMG
ENCFF153RJP	155	ENCFF234FUH	260	H3K4me3-human	H1	ENCSR000AMG
ENCFF887PWO	205	ENCFF854RRT	165	H3K4me3-human	SKNMC	ENCSR000DXL
ENCFF642MDS	195	ENCFF854RRT	165	H3K4me3-human	SKNMC	ENCSR000DXL
ENCFF716OCC	190	ENCFF292PQI	165	H3K4me3-human	MCF7	ENCSR985MIB
ENCFF371XST	240	ENCFF292PQI	165	H3K4me3-human	MCF7	ENCSR985MIB
ENCFF310NMI	255	ENCFF587DDD	100	H3K4me3-human	gastrocnemiusmedialisfemaleadult51years	ENCSR098OLN
ENCFF946JQW	225	ENCFF587DDD	100	H3K4me3-human	gastrocnemiusmedialisfemaleadult51years	ENCSR098OLN
ENCFF425NYG	155	ENCFF490MFW	55	H3K4me3-human	GM12875	ENCSR000DRS
ENCFF443HXD	265	ENCFF567KKK	185	H3K4me3-human	A673	ENCSR435FGK
ENCFF275NPO	215	ENCFF567KKK	185	H3K4me3-human	A673	ENCSR435FGK
ENCFF027EMA	180	ENCFF596HJP	145	H3K4me3-human	A549	ENCSR000DPD
ENCFF376MDA	190	ENCFF596HJP	145	H3K4me3-human	A549	ENCSR000DPD
ENCFF722HLJ	200	ENCFF322KCH	195	H3K4me3-human	GM23248	ENCSR479HKJ
ENCFF889MWV	215	ENCFF322KCH	195	H3K4me3-human	GM23248	ENCSR479HKJ
ENCFF574OYF	175	ENCFF298NLV	125	H3K4me3-human	skeletalmusclemyoblastmaleadult22years	ENCSR596NOF
ENCFF268JXD	215	ENCFF298NLV	125	H3K4me3-human	skeletalmusclemyoblastmaleadult22years	ENCSR596NOF
ENCFF598HQW	235	ENCFF579VWV	400	H3K4me3-human	gastroesophagealsphinctermaleadult37years	ENCSR037GFN
ENCFF842WXL	180	ENCFF186KKP	165	H3K4me3-human	MM1S	ENCSR361FWQ
ENCFF967RUH	200	ENCFF186KKP	165	H3K4me3-human	MM1S	ENCSR361FWQ
ENCFF656AKM	185	ENCFF326UUS	220	H3K4me3-human	uterusfemaleadult53years	ENCSR354ZUG
ENCFF205BIK	205	ENCFF342KCA	105	H3K4me3-human	tibialnervemaleadult37years	ENCSR384MUF
ENCFF060PGB	200	ENCFF645CCA	280	H3K4me3-human	HepG2	ENCSR575RRX
ENCFF360OCU	210	ENCFF645CCA	280	H3K4me3-human	HepG2	ENCSR575RRX
ENCFF890TLX	250	ENCFF975UDA	1355	H3K4me3-human	esophagussquamousepitheliummaleadult54years	ENCSR012KZW
ENCFF727DER	130	ENCFF741CYK	95	H3K4me3-human	fibroblastoflung	ENCSR000DVC
ENCFF834GNU	140	ENCFF741CYK	95	H3K4me3-human	fibroblastoflung	ENCSR000DVC
ENCFF795XOM	150	ENCFF336OEL	50	H3K4me3-human	astrocyteofthespinalcord	ENCSR000DSW
ENCFF055MDH	150	ENCFF336OEL	50	H3K4me3-human	astrocyteofthespinalcord	ENCSR000DSW
ENCFF070IYN	180	ENCFF754MHP	240	H3K4me3-human	PC9	ENCSR441JWF
ENCFF265NED	220	ENCFF754MHP	240	H3K4me3-human	PC9	ENCSR441JWF
ENCFF447CHF	215	ENCFF124DXU	220	H3K4me3-human	spleenfemaleadult53years	ENCSR197QDK
ENCFF361NDN	240	ENCFF124DXU	220	H3K4me3-human	spleenfemaleadult53years	ENCSR197QDK
ENCFF136RVA	205	ENCFF596XVY	170	H3K4me3-human	Bcellfemaleadult43years	ENCSR878JSF
ENCFF937UPX	155	ENCFF968MUT	115	H3K4me3-human	SKNSHtreatedwith6mcMalltransretinoicacidfor48hours	ENCSR000DXR
ENCFF637KNJ	160	ENCFF968MUT	115	H3K4me3-human	SKNSHtreatedwith6mcMalltransretinoicacidfor48hours	ENCSR000DXR
ENCFF832ITL	200	ENCFF520YRJ	155	H3K4me3-human	DND41	ENCSR564VIX
ENCFF391HPE	200	ENCFF520YRJ	155	H3K4me3-human	DND41	ENCSR564VIX
ENCFF006OBK	190	ENCFF569SHN	195	H3K4me3-human	A549treatedwith100nMdexamethasonefor1hour	ENCSR000AST
ENCFF556ZTV	205	ENCFF569SHN	195	H3K4me3-human	A549treatedwith100nMdexamethasonefor1hour	ENCSR000AST
ENCFF494KJK	150	ENCFF272GNJ	50	H3K4me3-human	fibroblastofmammaryglandfemale	ENCSR000DUW
ENCFF202JKL	145	ENCFF272GNJ	50	H3K4me3-human	fibroblastofmammaryglandfemale	ENCSR000DUW
ENCFF651PPM	235	ENCFF123TAC	90	H3K4me3-human	spleenmaleadult37years	ENCSR556QXD
ENCFF605XDM	220	ENCFF123TAC	90	H3K4me3-human	spleenmaleadult37years	ENCSR556QXD
ENCFF448CAQ	150	ENCFF851MPE	60	H3K4me3-human	Caco2	ENCSR000DQM
ENCFF069VSC	150	ENCFF851MPE	60	H3K4me3-human	Caco2	ENCSR000DQM
ENCFF311CVR	155	ENCFF517WZK	105	H3K4me3-human	BJ	ENCSR000DQH
ENCFF322CYX	150	ENCFF517WZK	105	H3K4me3-human	BJ	ENCSR000DQH
ENCFF635SME	180	ENCFF487EPL	140	H3K4me3-human	urinarybladdermaleadult34years	ENCSR632OWD
ENCFF971DRF	235	ENCFF517QKI	490	H3K4me3-human	thyroidglandfemaleadult53years	ENCSR761WVQ
ENCFF189PYS	250	ENCFF814QLD	195	H3K4me3-human	neuralcelloriginatedfromH1	ENCSR608VNA
ENCFF900CLO	190	ENCFF814QLD	195	H3K4me3-human	neuralcelloriginatedfromH1	ENCSR608VNA
ENCFF658QET	225	ENCFF159PLR	230	H3K4me3-human	adrenalglandmaleadult54years	ENCSR926NMC
ENCFF393GZL	245	ENCFF769EOR	105	H3K4me3-human	testismaleadult37years	ENCSR611DJQ
ENCFF136APR	190	ENCFF163YFX	100	H3K4me3-human	upperlobeofleftlungfemaleadult53years	ENCSR208WDY
ENCFF230PGN	180	ENCFF870RFE	55	H3K4me3-human	epithelialcellofproximaltubule	ENCSR000DXF
ENCFF929GPO	170	ENCFF870RFE	55	H3K4me3-human	epithelialcellofproximaltubule	ENCSR000DXF
ENCFF182XLG	140	ENCFF136OPR	75	H3K4me3-human	mesodermalcelloriginatedfromH7treatedwith5ngmLFibroblastgrowthfactor2for2days6ngmLActivinAfor2days10ngmLBonemorphogeneticprotein4for2days	ENCSR000DSE
ENCFF979VBD	135	ENCFF136OPR	75	H3K4me3-human	mesodermalcelloriginatedfromH7treatedwith5ngmLFibroblastgrowthfactor2for2days6ngmLActivinAfor2days10ngmLBonemorphogeneticprotein4for2days	ENCSR000DSE
ENCFF405WOU	230	ENCFF259JSG	90	H3K4me3-human	tibialarterymaleadult37years	ENCSR780CNW
ENCFF465MFX	220	ENCFF782SLJ	220	H3K4me3-human	thyroidglandmaleadult54years	ENCSR975NOU
ENCFF787FRP	195	ENCFF782SLJ	220	H3K4me3-human	thyroidglandmaleadult54years	ENCSR975NOU
ENCFF257CFS	225	ENCFF982TWX	1360	H3K4me3-human	Peyerspatchmaleadult37years	ENCSR349GPJ
ENCFF656QTI	120	ENCFF732CPP	95	H3K4me3-human	AG04450	ENCSR000DPO
ENCFF725TDK	115	ENCFF732CPP	95	H3K4me3-human	AG04450	ENCSR000DPO
ENCFF183ENL	225	ENCFF817BRE	1175	H3K4me3-human	stomachfemaleadult51years	ENCSR492BHN
ENCFF137GJU	180	ENCFF524KQP	245	H3K4me3-human	rightatriumauricularregionfemaleadult53years	ENCSR791KFQ
ENCFF659RUC	210	ENCFF591VCF	235	H3K4me3-human	Peyerspatchmaleadult54years	ENCSR998QKF
ENCFF016IET	225	ENCFF889VIV	180	H3K4me3-human	HCT116	ENCSR333OPW
ENCFF673EXR	215	ENCFF889VIV	180	H3K4me3-human	HCT116	ENCSR333OPW
ENCFF467XCU	175	ENCFF393RKZ	115	H3K4me3-human	H1	ENCSR019SQX
ENCFF494FNC	190	ENCFF393RKZ	115	H3K4me3-human	H1	ENCSR019SQX
ENCFF380FPA	110	ENCFF843PKT	140	H3K4me3-human	H1	ENCSR003SSR
ENCFF168PZP	150	ENCFF843PKT	140	H3K4me3-human	H1	ENCSR003SSR
ENCFF800LQW	185	ENCFF676EKJ	210	H3K4me3-human	SUDHL6	ENCSR494LJG
ENCFF071YJS	205	ENCFF676EKJ	210	H3K4me3-human	SUDHL6	ENCSR494LJG
ENCFF340UJK	135	ENCFF236MNB	90	H3K4me3-human	H1	ENCSR443YAS
ENCFF680THA	95	ENCFF236MNB	90	H3K4me3-human	H1	ENCSR443YAS
ENCFF644OOW	195	ENCFF590RZJ	240	H3K4me3-human	bodyofpancreasmaleadult54years	ENCSR554RQQ
ENCFF277POE	235	ENCFF590RZJ	240	H3K4me3-human	bodyofpancreasmaleadult54years	ENCSR554RQQ
ENCFF303SBW	250	ENCFF118YAN	980	H3K4me3-human	prostateglandmaleadult54years	ENCSR748RBT
ENCFF606NJA	220	ENCFF118YAN	980	H3K4me3-human	prostateglandmaleadult54years	ENCSR748RBT
ENCFF775QSF	230	ENCFF473WBH	200	H3K4me3-human	H1	ENCSR814XPE
ENCFF262WSA	210	ENCFF473WBH	200	H3K4me3-human	H1	ENCSR814XPE
ENCFF198XTK	225	ENCFF584UYW	180	H3K4me3-human	gastroesophagealsphinctermaleadult54years	ENCSR219QSM
ENCFF877XAA	230	ENCFF699UTE	175	H3K4me3-human	osteoblast	ENCSR000ATH
ENCFF684ZOU	165	ENCFF699UTE	175	H3K4me3-human	osteoblast	ENCSR000ATH
ENCFF164SGX	205	ENCFF699UTE	175	H3K4me3-human	osteoblast	ENCSR000ATH
ENCFF444FPS	185	ENCFF930INE	200	H3K4me3-human	neuroepithelialstemcellgeneticallymodifiedusingstabletransfectionoriginatedfromH9	ENCSR662PLB
ENCFF558DIC	210	ENCFF930INE	200	H3K4me3-human	neuroepithelialstemcellgeneticallymodifiedusingstabletransfectionoriginatedfromH9	ENCSR662PLB
ENCFF738NZN	220	ENCFF675MQQ	450	H3K4me3-human	Panc1	ENCSR000EXI
ENCFF848CLP	210	ENCFF675MQQ	450	H3K4me3-human	Panc1	ENCSR000EXI
ENCFF186RJW	190	ENCFF537BWA	110	H3K4me3-human	OCILY7	ENCSR005SXO
ENCFF142SUT	220	ENCFF537BWA	110	H3K4me3-human	OCILY7	ENCSR005SXO
ENCFF912BYL	120	ENCFF846BEG	135	H3K4me3-human	HEK293	ENCSR000DTU
ENCFF028BQL	120	ENCFF846BEG	135	H3K4me3-human	HEK293	ENCSR000DTU
ENCFF396PQH	215	ENCFF054XXR	200	H3K4me3-human	transversecolonmaleadult37years	ENCSR813ZEY
ENCFF006OVF	180	ENCFF054XXR	200	H3K4me3-human	transversecolonmaleadult37years	ENCSR813ZEY
ENCFF816RLY	185	ENCFF691EEI	180	H3K4me3-human	OCILY3	ENCSR548PZS
ENCFF224FBU	175	ENCFF691EEI	180	H3K4me3-human	OCILY3	ENCSR548PZS
ENCFF396LGW	200	ENCFF401XXH	90	H3K4me3-human	GM12878	ENCSR057BWO
ENCFF634CBL	175	ENCFF401XXH	90	H3K4me3-human	GM12878	ENCSR057BWO
ENCFF972TLQ	210	ENCFF115XCR	235	H3K4me3-human	CD4positivealphabetamemoryTcell	ENCSR457FQI
ENCFF418OAG	235	ENCFF607ZQL	200	H3K4me3-human	PC3	ENCSR275NCH
ENCFF615BTY	185	ENCFF607ZQL	200	H3K4me3-human	PC3	ENCSR275NCH
ENCFF301TQX	255	ENCFF089EGV	245	H3K4me3-human	esophagusmuscularismucosamaleadult54years	ENCSR077HGR
ENCFF647XOH	170	ENCFF541WSY	110	H3K4me3-human	iPS15b	ENCSR236XRR
ENCFF937AGY	150	ENCFF218XAV	140	H3K4me3-human	stomachmaleadult34years	ENCSR129NCV
ENCFF511MAH	165	ENCFF780ZFP	190	H3K4me3-human	endothelialcellofumbilicalveinmalenewborn	ENCSR000AKN
ENCFF315PDO	200	ENCFF780ZFP	190	H3K4me3-human	endothelialcellofumbilicalveinmalenewborn	ENCSR000AKN
ENCFF770EIL	180	ENCFF662VGC	135	H3K4me3-human	fibroblastoflungmaleadult45years	ENCSR000DWZ
ENCFF239TNL	185	ENCFF662VGC	135	H3K4me3-human	fibroblastoflungmaleadult45years	ENCSR000DWZ
ENCFF421JID	185	ENCFF070KUR	120	H3K4me3-human	WI38	ENCSR000DXZ
ENCFF370QUX	190	ENCFF070KUR	120	H3K4me3-human	WI38	ENCSR000DXZ
ENCFF822SQU	140	ENCFF094HMB	115	H3K4me3-human	GM12878	ENCSR000DRY
ENCFF147ZCK	135	ENCFF094HMB	115	H3K4me3-human	GM12878	ENCSR000DRY
ENCFF338ZVS	200	ENCFF906YGC	180	H3K4me3-human	ACC112	ENCSR778VGY
ENCFF785BFN	210	ENCFF906YGC	180	H3K4me3-human	ACC112	ENCSR778VGY
ENCFF883KQO	175	ENCFF384HEG	155	H3K4me3-human	smallintestinemaleembryo108days	ENCSR237QFJ
ENCFF256BBM	205	ENCFF925HTZ	455	H3K4me3-human	tibialnervefemaleadult53years	ENCSR314SPW
ENCFF906CGX	205	ENCFF538CEM	1270	H3K4me3-human	tibialnervemaleadult54years	ENCSR464TRM
