bam_accession	bam_accession_control	target	biosample	experiment_accession
ENCFF611PXX	ENCFF796JTX	FOXA1-human	K562	ENCSR819LHG
ENCFF364SJK	ENCFF796JTX	FOXA1-human	K562	ENCSR819LHG
ENCFF577HXX	ENCFF426RDP	ZNF444-human	MCF7	ENCSR038XIA
ENCFF474GOR	ENCFF426RDP	ZNF444-human	MCF7	ENCSR038XIA
ENCFF997ZMP	ENCFF667KCG	CTCF-human	subcutaneousadiposetissuefemaleadult53years	ENCSR762PCG
ENCFF457VMK	ENCFF705ARK	LEF1-human	HEK293T	ENCSR240XWM
ENCFF889PAN	ENCFF705ARK	LEF1-human	HEK293T	ENCSR240XWM
ENCFF247NIG	ENCFF508JSQ	ZBTB40-human	HepG2	ENCSR525YFS
ENCFF623YND	ENCFF508JSQ	ZBTB40-human	HepG2	ENCSR525YFS
ENCFF250EIC	ENCFF873GMF	MAFK-human	MCF7	ENCSR555PBN
ENCFF738RYL	ENCFF873GMF	MAFK-human	MCF7	ENCSR555PBN
ENCFF126OVV	ENCFF910IKB	TRIM25-human	K562	ENCSR664AOA
ENCFF566PQG	ENCFF910IKB	TRIM25-human	K562	ENCSR664AOA
ENCFF080IVM	ENCFF015PXS	CTCF-human	esophagusmuscularismucosafemaleadult53years	ENCSR074SFL
ENCFF586KRI	ENCFF898KHD	PTTG1-human	K562geneticallymodifiedusingstabletransfection	ENCSR314BBS
ENCFF662KUU	ENCFF898KHD	PTTG1-human	K562geneticallymodifiedusingstabletransfection	ENCSR314BBS
ENCFF422FDA	ENCFF322NTO	NKRF-human	GM12878	ENCSR732PJX
ENCFF244EFU	ENCFF322NTO	NKRF-human	GM12878	ENCSR732PJX
ENCFF253HOC	ENCFF547QCM	MAFG-human	K562geneticallymodifiedusingstabletransfection	ENCSR818DQV
ENCFF773DBT	ENCFF547QCM	MAFG-human	K562geneticallymodifiedusingstabletransfection	ENCSR818DQV
ENCFF516KHW	ENCFF136XMZ	CTCF-human	breastepitheliumfemaleadult53years	ENCSR304XUZ
ENCFF106ICW	ENCFF666ATR	IKZF1-human	GM12878	ENCSR441VHN
ENCFF723MRH	ENCFF666ATR	IKZF1-human	GM12878	ENCSR441VHN
ENCFF415FHO	ENCFF640XYK	CTCF-human	esophagussquamousepitheliummaleadult37years	ENCSR838RUX
ENCFF258DFY	ENCFF910IKB	ARNT-human	K562	ENCSR613NUC
ENCFF490XTX	ENCFF910IKB	ARNT-human	K562	ENCSR613NUC
ENCFF530DVX	ENCFF873GMF	FOS-human	MCF7	ENCSR569XNP
ENCFF805LSA	ENCFF873GMF	FOS-human	MCF7	ENCSR569XNP
ENCFF204QUC	ENCFF990MMF	CTCF-human	uterusfemaleadult51years	ENCSR798NVH
ENCFF623MQU	ENCFF647SZO	IRF9-human	K562geneticallymodifiedusingstabletransfection	ENCSR926KTP
ENCFF634KQT	ENCFF647SZO	IRF9-human	K562geneticallymodifiedusingstabletransfection	ENCSR926KTP
ENCFF551IFV	ENCFF910IKB	TRIM24-human	K562	ENCSR907MZR
ENCFF923LMN	ENCFF910IKB	TRIM24-human	K562	ENCSR907MZR
ENCFF221DPL	ENCFF533JZM	CTCF-human	bodyofpancreasfemaleadult53years	ENCSR484DDO
ENCFF527JNQ	ENCFF568QOC	EP300-human	upperlobeofleftlungfemaleadult51years	ENCSR000MMZ
ENCFF543IWP	ENCFF227IZS	NKRF-human	K562	ENCSR331BDJ
ENCFF887MQT	ENCFF227IZS	NKRF-human	K562	ENCSR331BDJ
ENCFF875FET	ENCFF950AXC	SP1-human	HepG2	ENCSR334KIQ
ENCFF720ANK	ENCFF950AXC	SP1-human	HepG2	ENCSR334KIQ
ENCFF063JBE	ENCFF426RDP	SP1-human	MCF7	ENCSR729LGA
ENCFF924HNJ	ENCFF426RDP	SP1-human	MCF7	ENCSR729LGA
ENCFF557JBT	ENCFF426RDP	PKNOX1-human	MCF7	ENCSR986XYK
ENCFF695AWZ	ENCFF426RDP	PKNOX1-human	MCF7	ENCSR986XYK
ENCFF703WUV	ENCFF596ZPN	CTCF-human	esophagusmuscularismucosamaleadult37years	ENCSR559KAB
ENCFF829XLC	ENCFF936BLQ	KLF13-human	K562geneticallymodifiedusingstabletransfection	ENCSR608HVP
ENCFF771KEQ	ENCFF936BLQ	KLF13-human	K562geneticallymodifiedusingstabletransfection	ENCSR608HVP
ENCFF314JRE	ENCFF502XEU	CTCF-human	gastroesophagealsphincterfemaleadult51years	ENCSR146BGM
ENCFF563FZR	ENCFF910IKB	FOXK2-human	K562	ENCSR508DQA
ENCFF373AFZ	ENCFF910IKB	FOXK2-human	K562	ENCSR508DQA
ENCFF350ULX	ENCFF666ATR	ZSCAN29-human	GM12878	ENCSR412YGM
ENCFF806TCI	ENCFF666ATR	ZSCAN29-human	GM12878	ENCSR412YGM
ENCFF196MMQ	ENCFF910IKB	NR3C1-human	K562	ENCSR325DER
ENCFF228UIL	ENCFF910IKB	NR3C1-human	K562	ENCSR325DER
ENCFF294DBF	ENCFF209VFR	CREB3-human	K562geneticallymodifiedusingstabletransfection	ENCSR093FKD
ENCFF334OKF	ENCFF209VFR	CREB3-human	K562geneticallymodifiedusingstabletransfection	ENCSR093FKD
ENCFF874SPI	ENCFF987CPP	CTCF-human	tibialnervemaleadult37years	ENCSR434XLP
ENCFF077WZY	ENCFF227IZS	ZSCAN29-human	K562	ENCSR635EXI
ENCFF592NKN	ENCFF227IZS	ZSCAN29-human	K562	ENCSR635EXI
ENCFF309ZZR	ENCFF873GMF	NEUROD1-human	MCF7	ENCSR006WUS
ENCFF721HMO	ENCFF873GMF	NEUROD1-human	MCF7	ENCSR006WUS
ENCFF644FOH	ENCFF746SKT	CLOCK-human	MCF7	ENCSR699YFX
ENCFF271HNN	ENCFF746SKT	CLOCK-human	MCF7	ENCSR699YFX
ENCFF254LLT	ENCFF910IKB	BCLAF1-human	K562	ENCSR792IYC
ENCFF615VMZ	ENCFF910IKB	BCLAF1-human	K562	ENCSR792IYC
ENCFF850BEV	ENCFF419UIG	RFX5-human	A549	ENCSR064LJN
ENCFF057AUM	ENCFF419UIG	RFX5-human	A549	ENCSR064LJN
ENCFF496WKU	ENCFF405SDZ	CTCF-human	heartleftventriclefemaleadult51years	ENCSR791AYW
ENCFF232BJL	ENCFF951HNT	CTCF-human	testismaleadult37years	ENCSR494TNM
ENCFF844CVM	ENCFF574BGV	IRF3-human	GM12878	ENCSR408JQO
ENCFF541BNH	ENCFF574BGV	IRF3-human	GM12878	ENCSR408JQO
ENCFF109OWW	ENCFF227IZS	ZNF24-human	K562	ENCSR099NCH
ENCFF205VDU	ENCFF227IZS	ZNF24-human	K562	ENCSR099NCH
ENCFF715AMR	ENCFF910IKB	YBX1-human	K562	ENCSR107RHZ
ENCFF195WOK	ENCFF910IKB	YBX1-human	K562	ENCSR107RHZ
ENCFF758PTP	ENCFF291AFY	E2F8-human	MCF7	ENCSR897ZXU
ENCFF998TMI	ENCFF291AFY	E2F8-human	MCF7	ENCSR897ZXU
ENCFF558UMD	ENCFF191XYH	ELF1-human	MCF7	ENCSR502NRF
ENCFF629RTF	ENCFF191XYH	ELF1-human	MCF7	ENCSR502NRF
ENCFF962EFL	ENCFF911GNE	ZBTB7B-human	MCF7	ENCSR277BXW
ENCFF338ZSU	ENCFF911GNE	ZBTB7B-human	MCF7	ENCSR277BXW
ENCFF995ZRC	ENCFF290DLX	PKNOX1-human	HEK293T	ENCSR233FAG
ENCFF364TGY	ENCFF290DLX	PKNOX1-human	HEK293T	ENCSR233FAG
ENCFF500YYZ	ENCFF910IKB	ZEB2-human	K562	ENCSR322CFO
ENCFF717OYW	ENCFF910IKB	ZEB2-human	K562	ENCSR322CFO
ENCFF303ICH	ENCFF910IKB	ZNF316-human	K562	ENCSR200JYP
ENCFF041ZVD	ENCFF910IKB	ZNF316-human	K562	ENCSR200JYP
ENCFF826JBZ	ENCFF290DLX	ZNF384-human	HEK293T	ENCSR882ICT
ENCFF412ASO	ENCFF290DLX	ZNF384-human	HEK293T	ENCSR882ICT
ENCFF749BVC	ENCFF790TAN	THRA-human	K562	ENCSR264CZJ
ENCFF574EKT	ENCFF790TAN	THRA-human	K562	ENCSR264CZJ
ENCFF673NIW	ENCFF191XYH	ZBTB40-human	MCF7	ENCSR318LVG
ENCFF288EDV	ENCFF191XYH	ZBTB40-human	MCF7	ENCSR318LVG
ENCFF048YPV	ENCFF512QNP	CTCF-human	transversecolonmaleadult54years	ENCSR833FWC
ENCFF785FLS	ENCFF322NTO	NR2C1-human	GM12878	ENCSR784VIQ
ENCFF236GOA	ENCFF322NTO	NR2C1-human	GM12878	ENCSR784VIQ
ENCFF959BPW	ENCFF280UZG	EP300-human	esophagusmuscularismucosamaleadult37years	ENCSR360BLQ
ENCFF970KZJ	ENCFF393SBS	CTCF-human	thoracicaortamaleadult37years	ENCSR668BTN
ENCFF102VJO	ENCFF910IKB	ATF4-human	K562	ENCSR145TSJ
ENCFF313JTU	ENCFF910IKB	ATF4-human	K562	ENCSR145TSJ
ENCFF662HRL	ENCFF306LVM	MEF2D-human	K562geneticallymodifiedusingstabletransfection	ENCSR647ZXA
ENCFF047IWR	ENCFF306LVM	MEF2D-human	K562geneticallymodifiedusingstabletransfection	ENCSR647ZXA
ENCFF410WYJ	ENCFF910IKB	ZNF407-human	K562	ENCSR439OCL
ENCFF951IVR	ENCFF910IKB	ZNF407-human	K562	ENCSR439OCL
ENCFF648SHM	ENCFF732BTH	EP300-human	sigmoidcolonmaleadult54years	ENCSR923WJS
ENCFF621SSO	ENCFF790TAN	ZBTB8A-human	K562	ENCSR283ZNI
ENCFF104WBB	ENCFF790TAN	ZBTB8A-human	K562	ENCSR283ZNI
ENCFF599RWY	ENCFF322NTO	NFATC3-human	GM12878	ENCSR437GBJ
ENCFF034ZKO	ENCFF322NTO	NFATC3-human	GM12878	ENCSR437GBJ
ENCFF892EFT	ENCFF304BGC	CTCF-human	foreskinkeratinocytemalenewborn24daystreatedwith12mMcalciumfor25days	ENCSR036EGV
ENCFF299JJF	ENCFF304BGC	CTCF-human	foreskinkeratinocytemalenewborn24daystreatedwith12mMcalciumfor25days	ENCSR036EGV
ENCFF405UYE	ENCFF271JKY	EP300-human	ovaryfemaleadult53years	ENCSR696LQU
ENCFF831ANK	ENCFF322NTO	GATAD2B-human	GM12878	ENCSR828NCB
ENCFF159BQG	ENCFF322NTO	GATAD2B-human	GM12878	ENCSR828NCB
ENCFF358HOW	ENCFF790TAN	MNT-human	K562	ENCSR979QYJ
ENCFF036IOO	ENCFF790TAN	MNT-human	K562	ENCSR979QYJ
ENCFF673BXM	ENCFF322NTO	NFXL1-human	GM12878	ENCSR746XEG
ENCFF622GDZ	ENCFF322NTO	NFXL1-human	GM12878	ENCSR746XEG
ENCFF132JEX	ENCFF052DDM	CTCF-human	vaginafemaleadult53years	ENCSR606TNN
ENCFF553FEG	ENCFF910IKB	ZNF282-human	K562	ENCSR742TMU
ENCFF584VYO	ENCFF910IKB	ZNF282-human	K562	ENCSR742TMU
ENCFF608KCO	ENCFF213AZI	CTCF-human	epithelialcellofprostatemale	ENCSR196HOM
ENCFF951XSM	ENCFF213AZI	CTCF-human	epithelialcellofprostatemale	ENCSR196HOM
ENCFF042XMV	ENCFF873GMF	ESRRA-human	MCF7	ENCSR954WVZ
ENCFF003FOB	ENCFF873GMF	ESRRA-human	MCF7	ENCSR954WVZ
ENCFF694VBR	ENCFF275AKX	ATF2-human	HepG2	ENCSR047BUZ
ENCFF091QWO	ENCFF275AKX	ATF2-human	HepG2	ENCSR047BUZ
ENCFF494OJC	ENCFF910IKB	PKNOX1-human	K562	ENCSR115SMW
ENCFF636IGK	ENCFF910IKB	PKNOX1-human	K562	ENCSR115SMW
ENCFF201MXQ	ENCFF227IZS	CDC5L-human	K562	ENCSR121PFY
ENCFF049RJI	ENCFF227IZS	CDC5L-human	K562	ENCSR121PFY
ENCFF939AYG	ENCFF426RDP	BMI1-human	MCF7	ENCSR966YYJ
ENCFF996ASC	ENCFF426RDP	BMI1-human	MCF7	ENCSR966YYJ
ENCFF550JLY	ENCFF563SSP	CTCF-human	ovaryfemaleadult53years	ENCSR493APD
ENCFF259XPA	ENCFF227IZS	EGR1-human	K562	ENCSR211LTF
ENCFF153QLL	ENCFF227IZS	EGR1-human	K562	ENCSR211LTF
ENCFF053VFZ	ENCFF879YMO	YBX1-human	GM12878	ENCSR205SKQ
ENCFF629WCK	ENCFF879YMO	YBX1-human	GM12878	ENCSR205SKQ
ENCFF060DER	ENCFF426RDP	FOXK2-human	MCF7	ENCSR465VLK
ENCFF357QWW	ENCFF426RDP	FOXK2-human	MCF7	ENCSR465VLK
ENCFF172UCO	ENCFF950AXC	TRIM22-human	HepG2	ENCSR506HXN
ENCFF107HRF	ENCFF950AXC	TRIM22-human	HepG2	ENCSR506HXN
ENCFF570KCI	ENCFF788IDQ	CTCF-human	tibialarterymaleadult37years	ENCSR699BEK
ENCFF058IMO	ENCFF217IBH	CTCF-human	Peyerspatchfemaleadult51years	ENCSR391ZKN
ENCFF714ZDZ	ENCFF746SKT	TRIM22-human	MCF7	ENCSR875PEI
ENCFF488QXW	ENCFF746SKT	TRIM22-human	MCF7	ENCSR875PEI
ENCFF446IQQ	ENCFF249KIQ	CTCF-human	prostateglandmaleadult54years	ENCSR829HTO
ENCFF714EVJ	ENCFF879YMO	ETV6-human	GM12878	ENCSR597VGC
ENCFF235FDS	ENCFF879YMO	ETV6-human	GM12878	ENCSR597VGC
ENCFF775TBT	ENCFF925AMH	CTCF-human	heartleftventriclefemaleadult53years	ENCSR544APK
ENCFF327XSI	ENCFF394JQH	ATF3-human	K562geneticallymodifiedusingstabletransfection	ENCSR632DCH
ENCFF938FQC	ENCFF394JQH	ATF3-human	K562geneticallymodifiedusingstabletransfection	ENCSR632DCH
ENCFF664CZI	ENCFF804GMA	CTCF-human	rightatriumauricularregionfemaleadult53years	ENCSR066GBX
ENCFF096WSH	ENCFF291AFY	CUX1-human	MCF7	ENCSR017CEO
ENCFF628FHG	ENCFF291AFY	CUX1-human	MCF7	ENCSR017CEO
ENCFF172VKG	ENCFF280UBH	CTCF-human	foreskinkeratinocytemalenewborn24daystreatedwith12mMcalciumfor55days	ENCSR812FNU
ENCFF670OVZ	ENCFF280UBH	CTCF-human	foreskinkeratinocytemalenewborn24daystreatedwith12mMcalciumfor55days	ENCSR812FNU
ENCFF243OVT	ENCFF911GNE	RFX5-human	MCF7	ENCSR924TVL
ENCFF689GLS	ENCFF911GNE	RFX5-human	MCF7	ENCSR924TVL
ENCFF653RTQ	ENCFF322NTO	BMI1-human	GM12878	ENCSR469WII
ENCFF023IKP	ENCFF322NTO	BMI1-human	GM12878	ENCSR469WII
ENCFF170EHY	ENCFF519AHQ	CTCF-human	upperlobeofleftlungfemaleadult53years	ENCSR970UZD
ENCFF343QUJ	ENCFF543PTH	CTCF-human	gastrocnemiusmedialisfemaleadult51years	ENCSR071XWO
ENCFF059NNP	ENCFF910IKB	NFATC3-human	K562	ENCSR051OUX
ENCFF221GWS	ENCFF910IKB	NFATC3-human	K562	ENCSR051OUX
ENCFF756RTB	ENCFF056HWK	CTCF-human	neuralcelloriginatedfromH1	ENCSR822CEA
ENCFF265XZZ	ENCFF056HWK	CTCF-human	neuralcelloriginatedfromH1	ENCSR822CEA
ENCFF143LAN	ENCFF950AXC	IKZF1-human	HepG2	ENCSR278JQG
ENCFF379UJI	ENCFF950AXC	IKZF1-human	HepG2	ENCSR278JQG
ENCFF957DAV	ENCFF219XWI	CTCF-human	upperlobeofleftlungmaleadult54years	ENCSR964BKO
ENCFF068GBU	ENCFF868OFG	CTCF-human	lowerlegskinmaleadult37years	ENCSR582MTM
ENCFF908CYX	ENCFF227IZS	ZNF316-human	K562	ENCSR167KBO
ENCFF267EEY	ENCFF227IZS	ZNF316-human	K562	ENCSR167KBO
ENCFF742OPD	ENCFF746SKT	ZNF507-human	MCF7	ENCSR419ODQ
ENCFF413DPP	ENCFF746SKT	ZNF507-human	MCF7	ENCSR419ODQ
ENCFF931HHQ	ENCFF910IKB	FOXK2-human	K562	ENCSR302AWT
ENCFF703CKR	ENCFF910IKB	FOXK2-human	K562	ENCSR302AWT
ENCFF031GGC	ENCFF227IZS	MEIS2-human	K562	ENCSR851BNE
ENCFF796CGI	ENCFF227IZS	MEIS2-human	K562	ENCSR851BNE
ENCFF642ALB	ENCFF820JHF	CTCF-human	testismaleadult54years	ENCSR981CID
ENCFF374OTD	ENCFF419UIG	SREBF2-human	A549	ENCSR638QYO
ENCFF151NRC	ENCFF419UIG	SREBF2-human	A549	ENCSR638QYO
ENCFF076LAL	ENCFF047KMB	CTCF-human	lowerlegskinmaleadult54years	ENCSR252XWG
ENCFF516TOF	ENCFF227IZS	TCF12-human	K562	ENCSR744WOO
ENCFF715AOC	ENCFF227IZS	TCF12-human	K562	ENCSR744WOO
ENCFF141XAC	ENCFF910IKB	SKIL-human	K562	ENCSR336DXE
ENCFF995IZW	ENCFF910IKB	SKIL-human	K562	ENCSR336DXE
ENCFF952DYI	ENCFF426RDP	ZNF512B-human	MCF7	ENCSR555DCF
ENCFF306BMN	ENCFF426RDP	ZNF512B-human	MCF7	ENCSR555DCF
ENCFF801LQC	ENCFF713PVH	CEBPG-human	K562geneticallymodifiedusingstabletransfection	ENCSR490LWA
ENCFF092XPV	ENCFF713PVH	CEBPG-human	K562geneticallymodifiedusingstabletransfection	ENCSR490LWA
ENCFF913BSN	ENCFF386EWJ	UBTF-human	HeLaS3	ENCSR634ZGP
ENCFF960WSN	ENCFF386EWJ	UBTF-human	HeLaS3	ENCSR634ZGP
ENCFF578UPT	ENCFF700NXF	CTCF-human	thyroidglandfemaleadult51years	ENCSR955BIB
ENCFF126FTH	ENCFF911GNE	JUN-human	MCF7	ENCSR176EXN
ENCFF008AZP	ENCFF911GNE	JUN-human	MCF7	ENCSR176EXN
ENCFF590TPY	ENCFF242TYP	CTCF-human	uterusfemaleadult53years	ENCSR392SFJ
ENCFF591ADX	ENCFF790TAN	MYBL2-human	K562	ENCSR162IEM
ENCFF298ZEH	ENCFF790TAN	MYBL2-human	K562	ENCSR162IEM
ENCFF925EOE	ENCFF811KEY	CTCF-human	spleenmaleadult54years	ENCSR028YEV
ENCFF915PJM	ENCFF426RDP	ESRRA-human	MCF7	ENCSR337NQP
ENCFF340MAJ	ENCFF426RDP	ESRRA-human	MCF7	ENCSR337NQP
ENCFF024SWK	ENCFF690RUG	CTCF-human	RWPE2	ENCSR856JJB
ENCFF575LRB	ENCFF690RUG	CTCF-human	RWPE2	ENCSR856JJB
ENCFF169HTN	ENCFF741GUI	EP300-human	sigmoidcolonmaleadult37years	ENCSR906UPC
ENCFF548STS	ENCFF879YMO	TBX21-human	GM12878	ENCSR739IHN
ENCFF360EFO	ENCFF879YMO	TBX21-human	GM12878	ENCSR739IHN
ENCFF360GUG	ENCFF705ARK	BHLHE40-human	HEK293T	ENCSR789GVU
ENCFF247CVJ	ENCFF705ARK	BHLHE40-human	HEK293T	ENCSR789GVU
ENCFF818HKZ	ENCFF621RXC	TCF12-human	HepG2	ENCSR894SXR
ENCFF407CPT	ENCFF621RXC	TCF12-human	HepG2	ENCSR894SXR
ENCFF095KVR	ENCFF056HWK	MXI1-human	neuralcelloriginatedfromH1	ENCSR934NHU
ENCFF260PNL	ENCFF056HWK	MXI1-human	neuralcelloriginatedfromH1	ENCSR934NHU
ENCFF076DBU	ENCFF950AXC	SOX6-human	HepG2	ENCSR543BVU
ENCFF767TEU	ENCFF950AXC	SOX6-human	HepG2	ENCSR543BVU
ENCFF444NCW	ENCFF206AIY	CTCF-human	gastroesophagealsphinctermaleadult37years	ENCSR186NVR
ENCFF426PKA	ENCFF666ATR	ARNT-human	GM12878	ENCSR590KEQ
ENCFF699XZD	ENCFF666ATR	ARNT-human	GM12878	ENCSR590KEQ
ENCFF350NUJ	ENCFF910IKB	RUNX1-human	K562	ENCSR414TYY
ENCFF548STV	ENCFF910IKB	RUNX1-human	K562	ENCSR414TYY
ENCFF922JWO	ENCFF243UPF	IRF1-human	K562geneticallymodifiedusingstabletransfection	ENCSR854MCV
ENCFF701KAF	ENCFF243UPF	IRF1-human	K562geneticallymodifiedusingstabletransfection	ENCSR854MCV
ENCFF786KLU	ENCFF596JNR	HINFP-human	K562geneticallymodifiedusingstabletransfection	ENCSR619GFP
ENCFF448SJG	ENCFF596JNR	HINFP-human	K562geneticallymodifiedusingstabletransfection	ENCSR619GFP
ENCFF373YTD	ENCFF790TAN	ZNF318-human	K562	ENCSR334HSW
ENCFF304KSV	ENCFF790TAN	ZNF318-human	K562	ENCSR334HSW
ENCFF997UGV	ENCFF248TLI	EP300-human	stomachmaleadult54years	ENCSR684NJD
ENCFF346SNT	ENCFF779PRW	CEBPB-human	K562geneticallymodifiedusingstabletransfection	ENCSR416QLJ
ENCFF002PNZ	ENCFF779PRW	CEBPB-human	K562geneticallymodifiedusingstabletransfection	ENCSR416QLJ
ENCFF320WXN	ENCFF227IZS	ESRRA-human	K562	ENCSR486IFJ
ENCFF857YYV	ENCFF227IZS	ESRRA-human	K562	ENCSR486IFJ
ENCFF908PSF	ENCFF276OII	NR4A1-human	K562geneticallymodifiedusingstabletransfection	ENCSR130PDE
ENCFF786GEU	ENCFF276OII	NR4A1-human	K562geneticallymodifiedusingstabletransfection	ENCSR130PDE
ENCFF215GEB	ENCFF879YMO	E4F1-human	GM12878	ENCSR439WAF
ENCFF311VCV	ENCFF879YMO	E4F1-human	GM12878	ENCSR439WAF
ENCFF924UDG	ENCFF955AEQ	EP300-human	gastroesophagealsphinctermaleadult54years	ENCSR906OMM
ENCFF909IAW	ENCFF607RXM	CTCF-human	stomachmaleadult37years	ENCSR618QYE
ENCFF097RWA	ENCFF873GMF	RCOR1-human	MCF7	ENCSR391JII
ENCFF324WPH	ENCFF873GMF	RCOR1-human	MCF7	ENCSR391JII
ENCFF011HOS	ENCFF950AXC	CREB1-human	HepG2	ENCSR112ALD
ENCFF320SCI	ENCFF950AXC	CREB1-human	HepG2	ENCSR112ALD
ENCFF658FRS	ENCFF290UZX	CTCF-human	RWPE1	ENCSR303GFI
ENCFF204KRO	ENCFF290UZX	CTCF-human	RWPE1	ENCSR303GFI
ENCFF199VCV	ENCFF746SKT	ZNF217-human	MCF7	ENCSR465XQW
ENCFF759ASI	ENCFF746SKT	ZNF217-human	MCF7	ENCSR465XQW
ENCFF527RBK	ENCFF411SNQ	EP300-human	transversecolonmaleadult37years	ENCSR429JTR
ENCFF411KAB	ENCFF227IZS	ZNF639-human	K562	ENCSR497VFH
ENCFF240BDN	ENCFF227IZS	ZNF639-human	K562	ENCSR497VFH
ENCFF665BYT	ENCFF879YMO	MLLT1-human	GM12878	ENCSR552XSN
ENCFF982QKE	ENCFF879YMO	MLLT1-human	GM12878	ENCSR552XSN
ENCFF929HOD	ENCFF746SKT	MNT-human	MCF7	ENCSR460XGV
ENCFF397CSO	ENCFF746SKT	MNT-human	MCF7	ENCSR460XGV
ENCFF266ROF	ENCFF291AFY	MLLT1-human	MCF7	ENCSR427BBI
ENCFF953GQZ	ENCFF291AFY	MLLT1-human	MCF7	ENCSR427BBI
ENCFF688OKC	ENCFF322NTO	BACH1-human	GM12878	ENCSR636MKU
ENCFF599CQU	ENCFF322NTO	BACH1-human	GM12878	ENCSR636MKU
ENCFF754GYS	ENCFF910IKB	ZEB2-human	K562	ENCSR004GKA
ENCFF035CJB	ENCFF910IKB	ZEB2-human	K562	ENCSR004GKA
ENCFF920NRF	ENCFF191XYH	SIX4-human	MCF7	ENCSR279IEM
ENCFF363DXD	ENCFF191XYH	SIX4-human	MCF7	ENCSR279IEM
ENCFF894PHG	ENCFF562CIX	CTCF-human	upperlobeofleftlungmaleadult37years	ENCSR027FSZ
ENCFF931LRP	ENCFF746SKT	YBX1-human	MCF7	ENCSR864KNH
ENCFF864YTK	ENCFF746SKT	YBX1-human	MCF7	ENCSR864KNH
ENCFF358SSM	ENCFF227IZS	CREB3L1-human	K562	ENCSR109YGM
ENCFF405YCF	ENCFF227IZS	CREB3L1-human	K562	ENCSR109YGM
ENCFF183DVK	ENCFF227IZS	GABPB1-human	K562	ENCSR138YYY
ENCFF838GWC	ENCFF227IZS	GABPB1-human	K562	ENCSR138YYY
ENCFF880SVB	ENCFF910IKB	IKZF1-human	K562	ENCSR948VFL
ENCFF016KRJ	ENCFF910IKB	IKZF1-human	K562	ENCSR948VFL
ENCFF807RLO	ENCFF322NTO	SKIL-human	GM12878	ENCSR212YKD
ENCFF065CIX	ENCFF322NTO	SKIL-human	GM12878	ENCSR212YKD
ENCFF300AUR	ENCFF752BZZ	ZNF512-human	K562geneticallymodifiedusingstabletransfection	ENCSR591CCL
ENCFF996AFH	ENCFF752BZZ	ZNF512-human	K562geneticallymodifiedusingstabletransfection	ENCSR591CCL
ENCFF056EFI	ENCFF037IQW	CTCF-human	lowerlegskinfemaleadult53years	ENCSR430TEE
ENCFF368KUM	ENCFF910IKB	ZNF639-human	K562	ENCSR949NVY
ENCFF390IDA	ENCFF910IKB	ZNF639-human	K562	ENCSR949NVY
ENCFF988UCQ	ENCFF950AXC	FOXA1-human	HepG2	ENCSR267DFA
ENCFF396NXZ	ENCFF950AXC	FOXA1-human	HepG2	ENCSR267DFA
ENCFF625RFM	ENCFF322NTO	IKZF1-human	GM12878	ENCSR874AFU
ENCFF580EVG	ENCFF322NTO	IKZF1-human	GM12878	ENCSR874AFU
ENCFF454DSR	ENCFF910IKB	ARNT-human	K562	ENCSR669NFS
ENCFF509BKM	ENCFF910IKB	ARNT-human	K562	ENCSR669NFS
ENCFF447PIY	ENCFF662BKD	CTCF-human	prostateglandmaleadult37years	ENCSR720USO
ENCFF887EIG	ENCFF910IKB	NR3C1-human	K562	ENCSR494UQJ
ENCFF768DLZ	ENCFF910IKB	NR3C1-human	K562	ENCSR494UQJ
ENCFF682PSU	ENCFF227IZS	ZNF184-human	K562	ENCSR621ATC
ENCFF657ZIF	ENCFF227IZS	ZNF184-human	K562	ENCSR621ATC
ENCFF853LEL	ENCFF426RDP	ZNF512B-human	MCF7	ENCSR761LRR
ENCFF720RKT	ENCFF426RDP	ZNF512B-human	MCF7	ENCSR761LRR
ENCFF013MXK	ENCFF227IZS	IKZF1-human	K562	ENCSR395HWC
ENCFF752FIR	ENCFF227IZS	IKZF1-human	K562	ENCSR395HWC
ENCFF366RSX	ENCFF574BGV	TRIM22-human	GM12878	ENCSR835XKS
ENCFF465CEB	ENCFF574BGV	TRIM22-human	GM12878	ENCSR835XKS
ENCFF068UWU	ENCFF910IKB	ZNF184-human	K562	ENCSR546IHU
ENCFF648LXV	ENCFF910IKB	ZNF184-human	K562	ENCSR546IHU
ENCFF362TFV	ENCFF910IKB	ZNF407-human	K562	ENCSR011NOZ
ENCFF007ALP	ENCFF910IKB	ZNF407-human	K562	ENCSR011NOZ
ENCFF283SLJ	ENCFF910IKB	TCF12-human	K562	ENCSR189TRZ
ENCFF532BVM	ENCFF910IKB	TCF12-human	K562	ENCSR189TRZ
ENCFF003FWA	ENCFF426RDP	ZNF217-human	MCF7	ENCSR912ATU
ENCFF980DDZ	ENCFF426RDP	ZNF217-human	MCF7	ENCSR912ATU
ENCFF774RUP	ENCFF780MVW	ATF1-human	K562geneticallymodifiedusingstabletransfectionoriginatedfromK562	ENCSR091GVJ
ENCFF892LAS	ENCFF780MVW	ATF1-human	K562geneticallymodifiedusingstabletransfectionoriginatedfromK562	ENCSR091GVJ
ENCFF788IFN	ENCFF419UIG	SREBF1-human	A549	ENCSR897MYK
ENCFF224BFU	ENCFF419UIG	SREBF1-human	A549	ENCSR897MYK
ENCFF481DGS	ENCFF873GMF	ELK1-human	MCF7	ENCSR382WLL
ENCFF670XGC	ENCFF873GMF	ELK1-human	MCF7	ENCSR382WLL
ENCFF824HGA	ENCFF790TAN	CHAMP1-human	K562	ENCSR065XVO
ENCFF432NAV	ENCFF790TAN	CHAMP1-human	K562	ENCSR065XVO
ENCFF300VIN	ENCFF302FDA	CTCF-human	esophagussquamousepitheliumfemaleadult53years	ENCSR773JBP
ENCFF874WSE	ENCFF025ELW	EP300-human	upperlobeofleftlungfemaleadult53years	ENCSR635XLM
ENCFF717YUB	ENCFF426RDP	RFX1-human	MCF7	ENCSR788XNX
ENCFF804LEF	ENCFF426RDP	RFX1-human	MCF7	ENCSR788XNX
ENCFF008QCI	ENCFF873GMF	SREBF1-human	MCF7	ENCSR197DJH
ENCFF774XPS	ENCFF873GMF	SREBF1-human	MCF7	ENCSR197DJH
ENCFF695GTB	ENCFF059OPC	ID3-human	K562geneticallymodifiedusingstabletransfection	ENCSR005NMT
ENCFF115BME	ENCFF059OPC	ID3-human	K562geneticallymodifiedusingstabletransfection	ENCSR005NMT
ENCFF260TPL	ENCFF790TAN	E2F1-human	K562	ENCSR720HUL
ENCFF508JKO	ENCFF790TAN	E2F1-human	K562	ENCSR720HUL
ENCFF378QWS	ENCFF247YFL	KLF1-human	K562geneticallymodifiedusingstabletransfection	ENCSR550HCT
ENCFF878UKW	ENCFF247YFL	KLF1-human	K562geneticallymodifiedusingstabletransfection	ENCSR550HCT
ENCFF034KOM	ENCFF950AXC	LCORL-human	HepG2	ENCSR950NAZ
ENCFF738SPX	ENCFF950AXC	LCORL-human	HepG2	ENCSR950NAZ
ENCFF411GKL	ENCFF227IZS	CHAMP1-human	K562	ENCSR315NNL
ENCFF638KFU	ENCFF227IZS	CHAMP1-human	K562	ENCSR315NNL
ENCFF500VJD	ENCFF866GOS	CTCF-human	LNCAP	ENCSR315NAC
ENCFF117GZZ	ENCFF866GOS	CTCF-human	LNCAP	ENCSR315NAC
ENCFF246CLD	ENCFF796JTX	E2F7-human	K562	ENCSR171CAY
ENCFF104VVO	ENCFF796JTX	E2F7-human	K562	ENCSR171CAY
ENCFF928JGK	ENCFF910IKB	ARNT-human	K562	ENCSR155KHM
ENCFF108SDD	ENCFF910IKB	ARNT-human	K562	ENCSR155KHM
ENCFF059AYM	ENCFF910IKB	NFIC-human	K562	ENCSR796ITY
ENCFF272DYC	ENCFF910IKB	NFIC-human	K562	ENCSR796ITY
ENCFF552ZFG	ENCFF162JEL	CTCF-human	stomachfemaleadult51years	ENCSR173AIR
ENCFF778ZCF	ENCFF290DLX	FOXA1-human	HEK293T	ENCSR094WHO
ENCFF600NPD	ENCFF290DLX	FOXA1-human	HEK293T	ENCSR094WHO
ENCFF784MTZ	ENCFF227IZS	ELF1-human	K562	ENCSR502OEK
ENCFF477CYZ	ENCFF227IZS	ELF1-human	K562	ENCSR502OEK
ENCFF046ACV	ENCFF227IZS	HES1-human	K562	ENCSR091JXL
ENCFF502NAY	ENCFF227IZS	HES1-human	K562	ENCSR091JXL
ENCFF698VVG	ENCFF790TAN	MNT-human	K562	ENCSR390VGH
ENCFF803TYM	ENCFF790TAN	MNT-human	K562	ENCSR390VGH
ENCFF145ZDW	ENCFF073AHU	ILK-human	K562geneticallymodifiedusingstabletransfection	ENCSR648INT
ENCFF831ODM	ENCFF073AHU	ILK-human	K562geneticallymodifiedusingstabletransfection	ENCSR648INT
ENCFF807KMB	ENCFF291AFY	E4F1-human	MCF7	ENCSR841YWU
ENCFF842HOT	ENCFF291AFY	E4F1-human	MCF7	ENCSR841YWU
ENCFF535SSL	ENCFF816BIC	ETS2-human	K562geneticallymodifiedusingstabletransfection	ENCSR596IKD
ENCFF950PAH	ENCFF816BIC	ETS2-human	K562geneticallymodifiedusingstabletransfection	ENCSR596IKD
ENCFF280AEF	ENCFF002WSA	TEAD2-human	K562geneticallymodifiedusingstabletransfection	ENCSR635GTR
ENCFF949ENV	ENCFF002WSA	TEAD2-human	K562geneticallymodifiedusingstabletransfection	ENCSR635GTR
ENCFF083LQR	ENCFF574BGV	TRIM22-human	GM12878	ENCSR637QAM
ENCFF559OOA	ENCFF574BGV	TRIM22-human	GM12878	ENCSR637QAM
ENCFF463YKI	ENCFF275AKX	FOXK2-human	HepG2	ENCSR171FUX
ENCFF890FEL	ENCFF275AKX	FOXK2-human	HepG2	ENCSR171FUX
ENCFF406CYG	ENCFF802NAW	ARNT-human	HEK293T	ENCSR760UKJ
ENCFF136IZY	ENCFF802NAW	ARNT-human	HEK293T	ENCSR760UKJ
ENCFF696RXB	ENCFF426RDP	ZBTB33-human	MCF7	ENCSR231YFE
ENCFF455ZKM	ENCFF426RDP	ZBTB33-human	MCF7	ENCSR231YFE
ENCFF015XKO	ENCFF702GSO	CTCF-human	spleenfemaleadult51years	ENCSR482PMN
ENCFF143HRA	ENCFF191XYH	GATA3-human	MCF7	ENCSR423RTK
ENCFF523QZM	ENCFF191XYH	GATA3-human	MCF7	ENCSR423RTK
ENCFF869PJB	ENCFF879YMO	RELB-human	GM12878	ENCSR387QUV
ENCFF476WPJ	ENCFF879YMO	RELB-human	GM12878	ENCSR387QUV
ENCFF606TJM	ENCFF230BZG	ZNF507-human	K562geneticallymodifiedusingstabletransfection	ENCSR598TIR
ENCFF772UWJ	ENCFF230BZG	ZNF507-human	K562geneticallymodifiedusingstabletransfection	ENCSR598TIR
ENCFF564OQO	ENCFF746SKT	CLOCK-human	MCF7	ENCSR934JDG
ENCFF292TPV	ENCFF746SKT	CLOCK-human	MCF7	ENCSR934JDG
ENCFF550IUC	ENCFF910IKB	NR2F1-human	K562	ENCSR970NKQ
ENCFF284XYU	ENCFF910IKB	NR2F1-human	K562	ENCSR970NKQ
ENCFF229VMU	ENCFF227IZS	PHB2-human	K562	ENCSR924GXX
ENCFF802CIM	ENCFF227IZS	PHB2-human	K562	ENCSR924GXX
ENCFF521MLQ	ENCFF796JTX	DACH1-human	K562	ENCSR030TJP
ENCFF804JSK	ENCFF796JTX	DACH1-human	K562	ENCSR030TJP
ENCFF524KCA	ENCFF227IZS	AFF1-human	K562	ENCSR241LIH
ENCFF373JGV	ENCFF227IZS	AFF1-human	K562	ENCSR241LIH
ENCFF887LKI	ENCFF227IZS	ARHGAP35-human	K562	ENCSR571BUF
ENCFF627XYQ	ENCFF227IZS	ARHGAP35-human	K562	ENCSR571BUF
ENCFF521YRB	ENCFF873GMF	ZNF592-human	MCF7	ENCSR028NUR
ENCFF014OEB	ENCFF873GMF	ZNF592-human	MCF7	ENCSR028NUR
ENCFF369YVA	ENCFF621RXC	MNT-human	HepG2	ENCSR730TBC
ENCFF761YGL	ENCFF621RXC	MNT-human	HepG2	ENCSR730TBC
ENCFF906VNO	ENCFF535QLE	EP300-human	upperlobeofleftlungmaleadult54years	ENCSR290QBB
ENCFF871KNP	ENCFF910IKB	RFX1-human	K562	ENCSR041AXL
ENCFF490ICL	ENCFF910IKB	RFX1-human	K562	ENCSR041AXL
ENCFF971SDE	ENCFF796JTX	ZFP91-human	K562	ENCSR898XMH
ENCFF702FFH	ENCFF796JTX	ZFP91-human	K562	ENCSR898XMH
ENCFF759BKF	ENCFF574BGV	ZBTB33-human	GM12878	ENCSR542FLV
ENCFF403QBQ	ENCFF574BGV	ZBTB33-human	GM12878	ENCSR542FLV
ENCFF185WUG	ENCFF104DRW	CTCF-human	omentalfatpadmaleadult54years	ENCSR005LPI
ENCFF514UAV	ENCFF483ELD	CTCF-human	22Rv1	ENCSR857PBV
ENCFF319QUU	ENCFF483ELD	CTCF-human	22Rv1	ENCSR857PBV
ENCFF186YOG	ENCFF191XYH	NFXL1-human	MCF7	ENCSR417DKD
ENCFF321NUU	ENCFF191XYH	NFXL1-human	MCF7	ENCSR417DKD
ENCFF122RSM	ENCFF910IKB	ZSCAN29-human	K562	ENCSR175SZH
ENCFF450TNG	ENCFF910IKB	ZSCAN29-human	K562	ENCSR175SZH
ENCFF911BGV	ENCFF910IKB	MNT-human	K562	ENCSR512NLO
ENCFF767FRB	ENCFF910IKB	MNT-human	K562	ENCSR512NLO
ENCFF285CII	ENCFF441HVC	NR2C1-human	K562geneticallymodifiedusingstabletransfection	ENCSR178DEG
ENCFF096KBP	ENCFF441HVC	NR2C1-human	K562geneticallymodifiedusingstabletransfection	ENCSR178DEG
ENCFF862DYV	ENCFF950AXC	TBX3-human	HepG2	ENCSR605YWG
ENCFF343FIG	ENCFF950AXC	TBX3-human	HepG2	ENCSR605YWG
ENCFF872TUO	ENCFF227IZS	ZBTB5-human	K562	ENCSR786OQY
ENCFF329MCT	ENCFF227IZS	ZBTB5-human	K562	ENCSR786OQY
ENCFF943EGP	ENCFF879YMO	ZNF143-human	GM12878	ENCSR936XTK
ENCFF640XZS	ENCFF879YMO	ZNF143-human	GM12878	ENCSR936XTK
ENCFF769PJV	ENCFF386EWJ	SREBF2-human	HeLaS3	ENCSR611WZO
ENCFF833PBO	ENCFF386EWJ	SREBF2-human	HeLaS3	ENCSR611WZO
ENCFF745LPJ	ENCFF426RDP	ZNF592-human	MCF7	ENCSR701AQS
ENCFF037WYA	ENCFF426RDP	ZNF592-human	MCF7	ENCSR701AQS
ENCFF821HMU	ENCFF910IKB	NRF1-human	K562	ENCSR494TDU
ENCFF337GMY	ENCFF910IKB	NRF1-human	K562	ENCSR494TDU
ENCFF587HZM	ENCFF227IZS	RNF2-human	K562	ENCSR820GND
ENCFF015UIX	ENCFF227IZS	RNF2-human	K562	ENCSR820GND
ENCFF803ZFE	ENCFF426RDP	RFX1-human	MCF7	ENCSR066TET
ENCFF299JYS	ENCFF426RDP	RFX1-human	MCF7	ENCSR066TET
ENCFF989MGN	ENCFF426RDP	HES1-human	MCF7	ENCSR109ODF
ENCFF967SQJ	ENCFF426RDP	HES1-human	MCF7	ENCSR109ODF
ENCFF124ZGE	ENCFF607WQU	CTCF-human	bodyofpancreasfemaleadult51years	ENCSR408XTO
ENCFF207SAV	ENCFF621RXC	BCLAF1-human	HepG2	ENCSR015TKV
ENCFF939EOP	ENCFF621RXC	BCLAF1-human	HepG2	ENCSR015TKV
ENCFF566EXS	ENCFF790TAN	ZZZ3-human	K562	ENCSR780BBJ
ENCFF548YYR	ENCFF790TAN	ZZZ3-human	K562	ENCSR780BBJ
ENCFF046ZDT	ENCFF418LUT	CTCF-human	transversecolonfemaleadult53years	ENCSR769WKR
ENCFF693ANZ	ENCFF626LKC	CTCF-human	adrenalglandmaleadult54years	ENCSR450BLH
ENCFF520GWV	ENCFF291AFY	CREB1-human	MCF7	ENCSR897JAS
ENCFF184EQF	ENCFF291AFY	CREB1-human	MCF7	ENCSR897JAS
ENCFF779IQL	ENCFF910IKB	RNF2-human	K562	ENCSR608XTF
ENCFF257OOQ	ENCFF910IKB	RNF2-human	K562	ENCSR608XTF
ENCFF447CUQ	ENCFF567SBX	CTCF-human	VCaP	ENCSR265ARE
ENCFF495OAG	ENCFF567SBX	CTCF-human	VCaP	ENCSR265ARE
ENCFF037VFP	ENCFF873GMF	MAZ-human	MCF7	ENCSR288IJC
ENCFF136LTE	ENCFF873GMF	MAZ-human	MCF7	ENCSR288IJC
ENCFF898VBC	ENCFF950AXC	ZNF282-human	HepG2	ENCSR752NDX
ENCFF990PBT	ENCFF950AXC	ZNF282-human	HepG2	ENCSR752NDX
ENCFF374OTR	ENCFF987UNO	CTCF-human	stomachmaleadult54years	ENCSR549WAU
ENCFF738AVH	ENCFF910IKB	ZNF24-human	K562	ENCSR695EQB
ENCFF657TZQ	ENCFF910IKB	ZNF24-human	K562	ENCSR695EQB
ENCFF758JXA	ENCFF051LKD	CTCF-human	vaginafemaleadult51years	ENCSR655ECZ
ENCFF557QLG	ENCFF824YEY	RELA-human	K562geneticallymodifiedusingstabletransfection	ENCSR772EEN
ENCFF158BYF	ENCFF824YEY	RELA-human	K562geneticallymodifiedusingstabletransfection	ENCSR772EEN
ENCFF039QUZ	ENCFF910IKB	CC2D1A-human	K562	ENCSR343IFJ
ENCFF138PZX	ENCFF910IKB	CC2D1A-human	K562	ENCSR343IFJ
ENCFF187XIG	ENCFF159MRR	EP300-human	sigmoidcolonfemaleadult51years	ENCSR244ZAO
ENCFF282GMA	ENCFF322NTO	NR2F1-human	GM12878	ENCSR514VYD
ENCFF320FKI	ENCFF322NTO	NR2F1-human	GM12878	ENCSR514VYD
ENCFF599CGM	ENCFF804BRR	CTCF-human	tibialnervefemaleadult53years	ENCSR469POZ
ENCFF592PPU	ENCFF514CZN	CTCF-human	spleenmaleadult37years	ENCSR234HEM
ENCFF414EUV	ENCFF978YES	CTCF-human	sigmoidcolonmaleadult37years	ENCSR721AHD
ENCFF933HFV	ENCFF910IKB	LEF1-human	K562	ENCSR343ELW
ENCFF178YFO	ENCFF910IKB	LEF1-human	K562	ENCSR343ELW
ENCFF069JAM	ENCFF838GUO	CTCF-human	adrenalglandmaleadult37years	ENCSR899JSO
ENCFF903NKV	ENCFF376BTL	CTCF-human	spleenfemaleadult53years	ENCSR692ILH
ENCFF339EOA	ENCFF842GBA	CTCF-human	breastepitheliumfemaleadult51years	ENCSR661NXJ
ENCFF973ZYR	ENCFF950AXC	YBX1-human	HepG2	ENCSR799GOY
ENCFF687IOA	ENCFF950AXC	YBX1-human	HepG2	ENCSR799GOY
ENCFF231PHQ	ENCFF894ZWD	CTCF-human	Peyerspatchmaleadult54years	ENCSR799WDT
ENCFF413GYE	ENCFF291AFY	ARID3A-human	MCF7	ENCSR231ENE
ENCFF176VRR	ENCFF291AFY	ARID3A-human	MCF7	ENCSR231ENE
ENCFF645HSB	ENCFF419UIG	USF2-human	A549	ENCSR563FBT
ENCFF647MYR	ENCFF419UIG	USF2-human	A549	ENCSR563FBT
ENCFF591PEY	ENCFF800SVM	EP300-human	tibialnervemaleadult37years	ENCSR580XUK
ENCFF754BHC	ENCFF322NTO	FOXK2-human	GM12878	ENCSR861JUQ
ENCFF469MPJ	ENCFF322NTO	FOXK2-human	GM12878	ENCSR861JUQ
ENCFF694KHP	ENCFF680XQR	ZNF740-human	K562geneticallymodifiedusingstabletransfection	ENCSR532EMP
ENCFF165STC	ENCFF680XQR	ZNF740-human	K562geneticallymodifiedusingstabletransfection	ENCSR532EMP
ENCFF991OZB	ENCFF746SKT	ZNF574-human	MCF7	ENCSR402JAC
ENCFF933BBF	ENCFF746SKT	ZNF574-human	MCF7	ENCSR402JAC
ENCFF933WJH	ENCFF284VSB	EP300-human	suprapubicskinfemaleadult53years	ENCSR928LDG
ENCFF451KMO	ENCFF322NTO	BHLHE40-human	GM12878	ENCSR987MTA
ENCFF002PPW	ENCFF322NTO	BHLHE40-human	GM12878	ENCSR987MTA
ENCFF560TMS	ENCFF666ATR	SRF-human	GM12878	ENCSR041XML
ENCFF018ITN	ENCFF666ATR	SRF-human	GM12878	ENCSR041XML
ENCFF803MUP	ENCFF960WRQ	CTCF-human	NCIH929	ENCSR634OAQ
ENCFF053VXH	ENCFF960WRQ	CTCF-human	NCIH929	ENCSR634OAQ
ENCFF258WGM	ENCFF705ARK	FOXK2-human	HEK293T	ENCSR872BOU
ENCFF764EWY	ENCFF705ARK	FOXK2-human	HEK293T	ENCSR872BOU
ENCFF353ZVY	ENCFF023NJF	CTCF-human	ascendingaortafemaleadult51years	ENCSR960MDF
ENCFF576RFC	ENCFF322NTO	ARID3A-human	GM12878	ENCSR778UBR
ENCFF079ZYM	ENCFF322NTO	ARID3A-human	GM12878	ENCSR778UBR
ENCFF123JQA	ENCFF973AOU	EP300-human	sigmoidcolonfemaleadult53years	ENCSR313BMV
ENCFF809BGD	ENCFF129ZFR	CTCF-human	tibialnervefemaleadult51years	ENCSR822PJT
ENCFF287PTX	ENCFF508JSQ	RNF2-human	HepG2	ENCSR523XCR
ENCFF447ZWG	ENCFF508JSQ	RNF2-human	HepG2	ENCSR523XCR
ENCFF431WVX	ENCFF910IKB	ARID1B-human	K562	ENCSR822CCM
ENCFF225IQS	ENCFF910IKB	ARID1B-human	K562	ENCSR822CCM
ENCFF079SPF	ENCFF910IKB	TRIM24-human	K562	ENCSR957LDM
ENCFF738QLQ	ENCFF910IKB	TRIM24-human	K562	ENCSR957LDM
ENCFF183SXR	ENCFF866GOS	CTCF-human	LNCAPtreatedwith10nM17betahydroxy5alphaandrostan3onefor4hours	ENCSR673WZL
ENCFF711LPL	ENCFF866GOS	CTCF-human	LNCAPtreatedwith10nM17betahydroxy5alphaandrostan3onefor4hours	ENCSR673WZL
ENCFF729SHE	ENCFF497JDI	CTCF-human	SKNSH	ENCSR541AMF
ENCFF044YLT	ENCFF497JDI	CTCF-human	SKNSH	ENCSR541AMF
ENCFF529KBB	ENCFF189PXK	CTCF-human	breastepitheliummaleadult54years	ENCSR697YIN
ENCFF330XAC	ENCFF790TAN	MGA-human	K562	ENCSR710WLO
ENCFF066JMV	ENCFF790TAN	MGA-human	K562	ENCSR710WLO
ENCFF063VLB	ENCFF227IZS	TRIM25-human	K562	ENCSR213VUI
ENCFF541OEZ	ENCFF227IZS	TRIM25-human	K562	ENCSR213VUI
ENCFF673WGB	ENCFF322NTO	IKZF2-human	GM12878	ENCSR822AHX
ENCFF125XMV	ENCFF322NTO	IKZF2-human	GM12878	ENCSR822AHX
ENCFF767EZN	ENCFF873GMF	NRF1-human	MCF7	ENCSR135ANT
ENCFF132SYW	ENCFF873GMF	NRF1-human	MCF7	ENCSR135ANT
ENCFF780OIC	ENCFF709NCT	CTCF-human	stomachfemaleadult53years	ENCSR776AEL
ENCFF632WSK	ENCFF910IKB	ZBTB33-human	K562	ENCSR876GXA
ENCFF226IAA	ENCFF910IKB	ZBTB33-human	K562	ENCSR876GXA
ENCFF024ELD	ENCFF270YLG	CTCF-human	suprapubicskinmaleadult54years	ENCSR038FOS
ENCFF551QCP	ENCFF983YSS	CTCF-human	gastroesophagealsphinctermaleadult54years	ENCSR661XNQ
ENCFF023VUT	ENCFF873GMF	ZKSCAN1-human	MCF7	ENCSR449UFF
ENCFF442WFR	ENCFF873GMF	ZKSCAN1-human	MCF7	ENCSR449UFF
ENCFF195AYY	ENCFF475DWJ	ZNF24-human	HepG2	ENCSR362NWP
ENCFF364EXI	ENCFF475DWJ	ZNF24-human	HepG2	ENCSR362NWP
ENCFF852XUO	ENCFF796JTX	RLF-human	K562	ENCSR718SDE
ENCFF317PBJ	ENCFF796JTX	RLF-human	K562	ENCSR718SDE
ENCFF315DCZ	ENCFF790TAN	NR2C1-human	K562	ENCSR742IDN
ENCFF149WGG	ENCFF790TAN	NR2C1-human	K562	ENCSR742IDN
ENCFF421ZIB	ENCFF290DLX	ELF4-human	HEK293T	ENCSR778QLY
ENCFF819DOC	ENCFF290DLX	ELF4-human	HEK293T	ENCSR778QLY
ENCFF373DUA	ENCFF790TAN	ATF3-human	K562	ENCSR028UIU
ENCFF382QTB	ENCFF790TAN	ATF3-human	K562	ENCSR028UIU
ENCFF391BBO	ENCFF343UNB	ZNF24-human	K562geneticallymodifiedusingstabletransfection	ENCSR117WTM
ENCFF396AXY	ENCFF343UNB	ZNF24-human	K562geneticallymodifiedusingstabletransfection	ENCSR117WTM
ENCFF904HKQ	ENCFF950AXC	PHB2-human	HepG2	ENCSR170DNV
ENCFF871QFB	ENCFF950AXC	PHB2-human	HepG2	ENCSR170DNV
ENCFF945TUI	ENCFF886VAQ	NFE2-human	K562geneticallymodifiedusingstabletransfection	ENCSR552YGL
ENCFF581SOT	ENCFF886VAQ	NFE2-human	K562geneticallymodifiedusingstabletransfection	ENCSR552YGL
ENCFF144OSY	ENCFF290DLX	SP1-human	HEK293T	ENCSR906PEI
ENCFF065ZXS	ENCFF290DLX	SP1-human	HEK293T	ENCSR906PEI
ENCFF513UKV	ENCFF227IZS	ZNF280A-human	K562	ENCSR370NFS
ENCFF054NSG	ENCFF227IZS	ZNF280A-human	K562	ENCSR370NFS
ENCFF822ADN	ENCFF790TAN	NR0B1-human	K562	ENCSR764YDL
ENCFF790KLE	ENCFF790TAN	NR0B1-human	K562	ENCSR764YDL
ENCFF371TIX	ENCFF769UET	CTCF-human	22Rv1treatedwith10nM17betahydroxy5alphaandrostan3onefor4hours	ENCSR847XGE
ENCFF766RZV	ENCFF769UET	CTCF-human	22Rv1treatedwith10nM17betahydroxy5alphaandrostan3onefor4hours	ENCSR847XGE
ENCFF646WTU	ENCFF628SZJ	CTCF-human	coronaryarteryfemaleadult53years	ENCSR175FLL
ENCFF256UVH	ENCFF016UQX	CTCF-human	suprapubicskinfemaleadult51years	ENCSR756KRS
ENCFF846CYU	ENCFF227IZS	E2F1-human	K562	ENCSR563LLO
ENCFF226KOW	ENCFF227IZS	E2F1-human	K562	ENCSR563LLO
ENCFF089SHL	ENCFF879YMO	SMAD1-human	GM12878	ENCSR813DCK
ENCFF361MVV	ENCFF879YMO	SMAD1-human	GM12878	ENCSR813DCK
ENCFF606IOS	ENCFF910IKB	E4F1-human	K562	ENCSR731LHZ
ENCFF978NVP	ENCFF910IKB	E4F1-human	K562	ENCSR731LHZ
ENCFF489UTO	ENCFF842EMA	EP300-human	tibialnervefemaleadult51years	ENCSR569SZK
ENCFF302OZO	ENCFF390ATQ	TSC22D4-human	K562geneticallymodifiedusingstabletransfection	ENCSR787RVK
ENCFF498EFE	ENCFF390ATQ	TSC22D4-human	K562geneticallymodifiedusingstabletransfection	ENCSR787RVK
ENCFF409PPI	ENCFF426RDP	ZNF687-human	MCF7	ENCSR899BKM
ENCFF503QVH	ENCFF426RDP	ZNF687-human	MCF7	ENCSR899BKM
ENCFF010LCB	ENCFF426RDP	ZNF8-human	MCF7	ENCSR785UCD
ENCFF175WBA	ENCFF426RDP	ZNF8-human	MCF7	ENCSR785UCD
ENCFF338NXC	ENCFF322NTO	IKZF2-human	GM12878	ENCSR680UQE
ENCFF870YQK	ENCFF322NTO	IKZF2-human	GM12878	ENCSR680UQE
ENCFF873BRB	ENCFF910IKB	ZBTB40-human	K562	ENCSR237VLT
ENCFF149LTH	ENCFF910IKB	ZBTB40-human	K562	ENCSR237VLT
ENCFF323IVG	ENCFF910IKB	BCLAF1-human	K562	ENCSR492LTS
ENCFF862XFS	ENCFF910IKB	BCLAF1-human	K562	ENCSR492LTS
ENCFF678GYV	ENCFF322NTO	ZNF24-human	GM12878	ENCSR072PWP
ENCFF826HNS	ENCFF322NTO	ZNF24-human	GM12878	ENCSR072PWP
ENCFF228ZGU	ENCFF621RXC	TBX3-human	HepG2	ENCSR238QRG
ENCFF106TAT	ENCFF621RXC	TBX3-human	HepG2	ENCSR238QRG
ENCFF202XBB	ENCFF687LIL	CTCF-human	bipolarneuronoriginatedfromGM23338treatedwith05mcgmLdoxycyclinehyclatefor4days	ENCSR066BZZ
ENCFF589DKU	ENCFF687LIL	CTCF-human	bipolarneuronoriginatedfromGM23338treatedwith05mcgmLdoxycyclinehyclatefor4days	ENCSR066BZZ
ENCFF260NKL	ENCFF831EFP	CTCF-human	bodyofpancreasmaleadult37years	ENCSR307PFP
ENCFF070DUF	ENCFF484UEF	CTCF-human	ovaryfemaleadult51years	ENCSR548DDS
ENCFF651ZZS	ENCFF395VIK	CTCF-human	bodyofpancreasmaleadult54years	ENCSR265PFQ
ENCFF531RDZ	ENCFF322NTO	BCLAF1-human	GM12878	ENCSR342THD
ENCFF427CQP	ENCFF322NTO	BCLAF1-human	GM12878	ENCSR342THD
ENCFF837ZOY	ENCFF790TAN	RFX1-human	K562	ENCSR968GIB
ENCFF183MSQ	ENCFF790TAN	RFX1-human	K562	ENCSR968GIB
ENCFF094RVF	ENCFF666ATR	PAX8-human	GM12878	ENCSR192AFN
ENCFF946NSO	ENCFF666ATR	PAX8-human	GM12878	ENCSR192AFN
ENCFF988CYS	ENCFF879YMO	IRF5-human	GM12878	ENCSR976TBC
ENCFF345FES	ENCFF879YMO	IRF5-human	GM12878	ENCSR976TBC
ENCFF700PHB	ENCFF879YMO	PKNOX1-human	GM12878	ENCSR711XNY
ENCFF603RWK	ENCFF879YMO	PKNOX1-human	GM12878	ENCSR711XNY
ENCFF467EPK	ENCFF278DTC	CTCF-human	sigmoidcolonfemaleadult53years	ENCSR925GDS
ENCFF604JZN	ENCFF752HGK	CTCF-human	transversecolonfemaleadult51years	ENCSR558HTE
ENCFF882BOA	ENCFF910IKB	TRIM28-human	K562	ENCSR474CVP
ENCFF393YFX	ENCFF910IKB	TRIM28-human	K562	ENCSR474CVP
ENCFF116EPL	ENCFF322NTO	TCF12-human	GM12878	ENCSR725VFL
ENCFF112UBX	ENCFF322NTO	TCF12-human	GM12878	ENCSR725VFL
ENCFF066FOE	ENCFF227IZS	ZBTB5-human	K562	ENCSR389PWB
ENCFF731WSZ	ENCFF227IZS	ZBTB5-human	K562	ENCSR389PWB
ENCFF983MYK	ENCFF796JTX	PRDM10-human	K562	ENCSR120MPG
ENCFF509AXN	ENCFF796JTX	PRDM10-human	K562	ENCSR120MPG
ENCFF122LWT	ENCFF666ATR	ZNF592-human	GM12878	ENCSR173ZVL
ENCFF676MWP	ENCFF666ATR	ZNF592-human	GM12878	ENCSR173ZVL
ENCFF003ETE	ENCFF191XYH	GATAD2B-human	MCF7	ENCSR389BLX
ENCFF763DOU	ENCFF191XYH	GATAD2B-human	MCF7	ENCSR389BLX
ENCFF565AIC	ENCFF426RDP	NFIB-human	MCF7	ENCSR582ZOA
ENCFF540GWM	ENCFF426RDP	NFIB-human	MCF7	ENCSR582ZOA
ENCFF437IVZ	ENCFF790TAN	ZNF592-human	K562	ENCSR249BHQ
ENCFF119ZDI	ENCFF790TAN	ZNF592-human	K562	ENCSR249BHQ
ENCFF403PJI	ENCFF418QRN	CTCF-human	adrenalglandfemaleadult51years	ENCSR014GSQ
ENCFF253JTJ	ENCFF910IKB	REST-human	K562	ENCSR137ZMQ
ENCFF268CBK	ENCFF910IKB	REST-human	K562	ENCSR137ZMQ
ENCFF966VDA	ENCFF275AKX	FOXA2-human	HepG2	ENCSR066EBK
ENCFF775MUG	ENCFF275AKX	FOXA2-human	HepG2	ENCSR066EBK
ENCFF462VNN	ENCFF910IKB	MITF-human	K562	ENCSR797SWM
ENCFF778KCK	ENCFF910IKB	MITF-human	K562	ENCSR797SWM
ENCFF022LJH	ENCFF910IKB	SOX6-human	K562	ENCSR788RSW
ENCFF508MVS	ENCFF910IKB	SOX6-human	K562	ENCSR788RSW
ENCFF555QMG	ENCFF910IKB	ZBTB2-human	K562	ENCSR230PTV
ENCFF273NVY	ENCFF910IKB	ZBTB2-human	K562	ENCSR230PTV
ENCFF339RWU	ENCFF910IKB	ELF4-human	K562	ENCSR638QHV
ENCFF958WMW	ENCFF910IKB	ELF4-human	K562	ENCSR638QHV
ENCFF022LUZ	ENCFF267XIT	CTCF-human	gastroesophagealsphincterfemaleadult53years	ENCSR206ETG
ENCFF827XZB	ENCFF288VXA	CTCF-human	esophagusmuscularismucosafemaleadult51years	ENCSR353DFU
ENCFF009UWA	ENCFF910IKB	ZC3H8-human	K562	ENCSR143CEO
ENCFF766PNT	ENCFF910IKB	ZC3H8-human	K562	ENCSR143CEO
ENCFF735CSF	ENCFF574BGV	STAT1-human	GM12878	ENCSR332EYT
ENCFF494QGK	ENCFF574BGV	STAT1-human	GM12878	ENCSR332EYT
ENCFF528YNP	ENCFF796JTX	EGR1-human	K562	ENCSR024CNP
ENCFF431IVA	ENCFF796JTX	EGR1-human	K562	ENCSR024CNP
ENCFF510TME	ENCFF275AKX	MNT-human	HepG2	ENCSR261EDU
ENCFF266AHN	ENCFF275AKX	MNT-human	HepG2	ENCSR261EDU
ENCFF687AXX	ENCFF621RXC	ZNF24-human	HepG2	ENCSR791AGT
ENCFF988SHG	ENCFF621RXC	ZNF24-human	HepG2	ENCSR791AGT
ENCFF504YJU	ENCFF322NTO	ATF2-human	GM12878	ENCSR961PPA
ENCFF081WNV	ENCFF322NTO	ATF2-human	GM12878	ENCSR961PPA
ENCFF618RFZ	ENCFF426RDP	CREB1-human	MCF7	ENCSR620DUQ
ENCFF950DAI	ENCFF426RDP	CREB1-human	MCF7	ENCSR620DUQ
ENCFF034UVX	ENCFF056HWK	EP300-human	neuralcelloriginatedfromH1	ENCSR843ZUP
ENCFF157QUV	ENCFF056HWK	EP300-human	neuralcelloriginatedfromH1	ENCSR843ZUP
ENCFF564CXM	ENCFF227IZS	NRF1-human	K562	ENCSR998AJK
ENCFF722LJA	ENCFF227IZS	NRF1-human	K562	ENCSR998AJK
ENCFF860ZZO	ENCFF911GNE	HSF1-human	MCF7	ENCSR062HDL
ENCFF752IEK	ENCFF911GNE	HSF1-human	MCF7	ENCSR062HDL
ENCFF883MZR	ENCFF910IKB	ATF2-human	K562	ENCSR869IUD
ENCFF719FYJ	ENCFF910IKB	ATF2-human	K562	ENCSR869IUD
ENCFF667TEE	ENCFF242HNU	CTCF-human	Peyerspatchmaleadult37years	ENCSR419ANE
ENCFF196CKN	ENCFF621CXJ	CTCF-human	rightlobeofliverfemaleadult53years	ENCSR911GFJ
ENCFF210CWN	ENCFF991TPT	EP300-human	gastroesophagealsphinctermaleadult37years	ENCSR551MLB
ENCFF666TEP	ENCFF708QBA	CTCF-human	foreskinkeratinocytemalenewborn24days	ENCSR817HTJ
ENCFF831DYI	ENCFF708QBA	CTCF-human	foreskinkeratinocytemalenewborn24days	ENCSR817HTJ
ENCFF318SPV	ENCFF910IKB	NFXL1-human	K562	ENCSR085DDI
ENCFF833ZOK	ENCFF910IKB	NFXL1-human	K562	ENCSR085DDI
ENCFF591YZP	ENCFF746SKT	PAX8-human	MCF7	ENCSR949IWY
ENCFF140JDN	ENCFF746SKT	PAX8-human	MCF7	ENCSR949IWY
ENCFF677KNU	ENCFF416WIS	CTCF-human	lowerlegskinfemaleadult51years	ENCSR727HME
ENCFF879NVM	ENCFF879YMO	E2F8-human	GM12878	ENCSR793HVL
ENCFF009QHM	ENCFF879YMO	E2F8-human	GM12878	ENCSR793HVL
ENCFF580EBG	ENCFF790TAN	GATAD2B-human	K562	ENCSR547LKC
ENCFF918JWJ	ENCFF790TAN	GATAD2B-human	K562	ENCSR547LKC
ENCFF365CNT	ENCFF368HMQ	CTCF-human	Panc1	ENCSR203QEB
ENCFF683TLX	ENCFF368HMQ	CTCF-human	Panc1	ENCSR203QEB
ENCFF436WOY	ENCFF719VPI	CTCF-human	gastrocnemiusmedialisfemaleadult53years	ENCSR428BKN
ENCFF703ZWI	ENCFF696CNP	CTCF-human	upperlobeofleftlungfemaleadult51years	ENCSR972LYL
ENCFF397ADX	ENCFF462HXY	EP300-human	upperlobeofleftlungmaleadult37years	ENCSR828PZH
ENCFF867AMO	ENCFF209HOO	CTCF-human	thyroidglandmaleadult54years	ENCSR492ZIW
ENCFF686NWU	ENCFF797ERZ	CTCF-human	thyroidglandfemaleadult53years	ENCSR744YJR
ENCFF379OME	ENCFF295YCD	CTCF-human	esophagussquamousepitheliummaleadult54years	ENCSR450FRI
ENCFF353EFN	ENCFF910IKB	ZNF318-human	K562	ENCSR352BJL
ENCFF019RWB	ENCFF910IKB	ZNF318-human	K562	ENCSR352BJL
ENCFF849XDW	ENCFF879YMO	KLF5-human	GM12878	ENCSR974OFJ
ENCFF226FBM	ENCFF879YMO	KLF5-human	GM12878	ENCSR974OFJ
ENCFF335MCG	ENCFF572VZL	CTCF-human	esophagussquamousepitheliumfemaleadult51years	ENCSR003SZZ
ENCFF034TFU	ENCFF575CYL	CTCF-human	omentalfatpadfemaleadult51years	ENCSR225OKX
ENCFF347QZM	ENCFF796JTX	LEF1-human	K562	ENCSR832OGB
ENCFF605ZNL	ENCFF796JTX	LEF1-human	K562	ENCSR832OGB
ENCFF616QUW	ENCFF177OCL	PBX2-human	K562geneticallymodifiedusingstabletransfection	ENCSR263DFP
ENCFF577WGL	ENCFF177OCL	PBX2-human	K562geneticallymodifiedusingstabletransfection	ENCSR263DFP
ENCFF530VNF	ENCFF932XVT	CTCF-human	suprapubicskinfemaleadult53years	ENCSR515LRI
ENCFF379YIZ	ENCFF754UFV	CTCF-human	GM23338originatedfromGM23248	ENCSR987GXT
ENCFF869UFK	ENCFF754UFV	CTCF-human	GM23338originatedfromGM23248	ENCSR987GXT
ENCFF549AQZ	ENCFF666ATR	MEF2B-human	GM12878	ENCSR177VFS
ENCFF542XCL	ENCFF666ATR	MEF2B-human	GM12878	ENCSR177VFS
ENCFF715GHX	ENCFF910IKB	AFF1-human	K562	ENCSR426URK
ENCFF754VWZ	ENCFF910IKB	AFF1-human	K562	ENCSR426URK
ENCFF924YHD	ENCFF790TAN	GMEB1-human	K562	ENCSR928KOR
ENCFF942XRZ	ENCFF790TAN	GMEB1-human	K562	ENCSR928KOR
ENCFF412AMR	ENCFF910IKB	NFATC3-human	K562	ENCSR670FDA
ENCFF279QAV	ENCFF910IKB	NFATC3-human	K562	ENCSR670FDA
ENCFF167NTI	ENCFF576CMR	CTCF-human	omentalfatpadmaleadult37years	ENCSR089DTY
ENCFF949KJV	ENCFF950AXC	ARNT-human	HepG2	ENCSR029IBC
ENCFF476CCE	ENCFF950AXC	ARNT-human	HepG2	ENCSR029IBC
ENCFF028TNY	ENCFF666ATR	ELF1-human	GM12878	ENCSR841NDX
ENCFF444PPF	ENCFF666ATR	ELF1-human	GM12878	ENCSR841NDX
ENCFF864BUV	ENCFF874TOY	ZNF354B-human	K562geneticallymodifiedusingstabletransfection	ENCSR674SCQ
ENCFF103HTZ	ENCFF874TOY	ZNF354B-human	K562geneticallymodifiedusingstabletransfection	ENCSR674SCQ
ENCFF159MOK	ENCFF911GNE	FOXA1-human	MCF7	ENCSR126YEB
ENCFF331PWP	ENCFF911GNE	FOXA1-human	MCF7	ENCSR126YEB
ENCFF740KXF	ENCFF950AXC	RFX1-human	HepG2	ENCSR928API
ENCFF958OLE	ENCFF950AXC	RFX1-human	HepG2	ENCSR928API
ENCFF639VBS	ENCFF746SKT	ZNF24-human	MCF7	ENCSR503VTG
ENCFF618WHB	ENCFF746SKT	ZNF24-human	MCF7	ENCSR503VTG
ENCFF257XYL	ENCFF322NTO	ZNF687-human	GM12878	ENCSR859FDL
ENCFF529JDU	ENCFF322NTO	ZNF687-human	GM12878	ENCSR859FDL
ENCFF777ZPZ	ENCFF910IKB	MLLT1-human	K562	ENCSR107GRP
ENCFF887LAD	ENCFF910IKB	MLLT1-human	K562	ENCSR107GRP
ENCFF656BKZ	ENCFF102ZZG	ETV1-human	K562geneticallymodifiedusingstabletransfection	ENCSR277DMR
ENCFF670SFK	ENCFF102ZZG	ETV1-human	K562geneticallymodifiedusingstabletransfection	ENCSR277DMR
ENCFF364HTM	ENCFF863CTX	CTCF-human	gastrocnemiusmedialismaleadult54years	ENCSR998NQG
ENCFF609PQQ	ENCFF291AFY	GATAD2B-human	MCF7	ENCSR979FQP
ENCFF613EZB	ENCFF291AFY	GATAD2B-human	MCF7	ENCSR979FQP
ENCFF072JHV	ENCFF426RDP	NFIB-human	MCF7	ENCSR702BYX
ENCFF948EKK	ENCFF426RDP	NFIB-human	MCF7	ENCSR702BYX
ENCFF503UVW	ENCFF600VZB	CTCF-human	sigmoidcolonmaleadult54years	ENCSR222SQE
ENCFF577SKC	ENCFF322NTO	ZNF217-human	GM12878	ENCSR764CZW
ENCFF252GCC	ENCFF322NTO	ZNF217-human	GM12878	ENCSR764CZW
ENCFF319SAQ	ENCFF084AUO	CTCF-human	Peyerspatchfemaleadult53years	ENCSR375VXU
ENCFF049FZG	ENCFF910IKB	ZC3H8-human	K562	ENCSR494PWZ
ENCFF667WHX	ENCFF910IKB	ZC3H8-human	K562	ENCSR494PWZ
ENCFF786MHJ	ENCFF910IKB	ZNF24-human	K562	ENCSR385AHH
ENCFF686ZIH	ENCFF910IKB	ZNF24-human	K562	ENCSR385AHH
ENCFF514FRG	ENCFF227IZS	E2F8-human	K562	ENCSR953DVM
ENCFF589IBH	ENCFF227IZS	E2F8-human	K562	ENCSR953DVM
ENCFF516AEF	ENCFF419UIG	MAFK-human	A549	ENCSR541WQI
ENCFF420RDM	ENCFF419UIG	MAFK-human	A549	ENCSR541WQI
ENCFF936NPT	ENCFF980IJT	CTCF-human	C42B	ENCSR460LGH
ENCFF852QTC	ENCFF980IJT	CTCF-human	C42B	ENCSR460LGH
ENCFF490SNQ	ENCFF556CQT	CTCF-human	adrenalglandfemaleadult53years	ENCSR770IWO
ENCFF487SUP	ENCFF910IKB	SP1-human	K562	ENCSR991ELG
ENCFF758LME	ENCFF910IKB	SP1-human	K562	ENCSR991ELG
ENCFF241ICI	ENCFF322NTO	ZBTB40-human	GM12878	ENCSR189YYK
ENCFF585ZIJ	ENCFF322NTO	ZBTB40-human	GM12878	ENCSR189YYK
ENCFF984BZB	ENCFF873GMF	MNT-human	MCF7	ENCSR663ZZZ
ENCFF507UWE	ENCFF873GMF	MNT-human	MCF7	ENCSR663ZZZ
ENCFF353XMB	ENCFF910IKB	MLLT1-human	K562	ENCSR675LRO
ENCFF131XTL	ENCFF910IKB	MLLT1-human	K562	ENCSR675LRO
ENCFF548GPB	ENCFF602FBL	CTCF-human	transversecolonmaleadult37years	ENCSR102CSD
